Workbook

Sheet DUCW-1
A1: Unit Of Measurement | B1: Variable Group | C1: Plant | D1: Tag UID | E1: Business Unit | F1: Line | G1: Equipment Subtype | H1: Cluster | I1: Section | J1: Standard Variable Description | K1: PublishingInterval | L1: Variable Type | M1: Tag Name | N1: Section | O1: Tag UID | P1: ConvertToBinary | Q1: Path | R1: PropertyID | S1: Equipment Group | T1: OPC EndPOint | U1: Plant SAP Code | V1: Flat Line Length | W1: Tag Name | X1: AssetID | Y1: Min | Z1: LCL | AA1: UCL | AB1: Max | AC1: IsDisplay | AD1: Variable Type
A2: TPH | B2: PV | C2: DUCW | D2: W-DUCW2-CM2-F-PV-CM2_532WF1_FR | E2: CEMENT | F2: 2 | G2: Weigh Feeder | H2: W | I2: Cement Mill-2 | J2: Feedrate | M2: CM2_532WF1_FR | N2: Cement Mill-2 | O2: W-DUCW2-CM2-F-PV-CM2_532WF1_FR | Q2: ns=2;s=1:CM2_532WF1_FR?Value | R2: 985a4244-1d9a-4273-9921-0274f35d4607 | S2: CM-Feeding | T2: opc.tcp://10.5.32.43:26080/ | U2: DH01 | V2: 60 | W2: CM2_532WF1_FR | X2: 9101ba08-3823-48c6-b452-957d965cd1cc | AD2: Flow
A3: TPH | B3: PV | C3: DUCW | D3: W-DUCW2-CM2-F-PV-CM2_532WF2_FR | E3: CEMENT | F3: 2 | G3: Weigh Feeder | H3: W | I3: Cement Mill-2 | J3: Feedrate | M3: CM2_532WF2_FR | N3: Cement Mill-2 | O3: W-DUCW2-CM2-F-PV-CM2_532WF2_FR | Q3: ns=2;s=1:CM2_532WF2_FR?Value | R3: 760f25b6-d7b2-475b-8bfb-10c97ca5ddd9 | S3: CM-Feeding | T3: opc.tcp://10.5.32.43:26080/ | U3: DH01 | V3: 60 | W3: CM2_532WF2_FR | X3: 9101ba08-3823-48c6-b452-957d965cd1cc | AD3: Flow
A4: TPH | B4: PV | C4: DUCW | D4: W-DUCW2-CM2-F-PV-CM2_532WF3_FR | E4: CEMENT | F4: 2 | G4: Weigh Feeder | H4: W | I4: Cement Mill-2 | J4: Feedrate | M4: CM2_532WF3_FR | N4: Cement Mill-2 | O4: W-DUCW2-CM2-F-PV-CM2_532WF3_FR | Q4: ns=2;s=1:CM2_532WF3_FR?Value | R4: abf2d953-ff11-4c96-aa86-0a7cbd01bb3a | S4: CM-Feeding | T4: opc.tcp://10.5.32.43:26080/ | U4: DH01 | V4: 60 | W4: CM2_532WF3_FR | X4: 9101ba08-3823-48c6-b452-957d965cd1cc | AD4: Flow
A5: amp | B5: PV | C5: DUCW | D5: W-DUCW2-CM2-I-PV-CM2_532FN1_II | E5: CEMENT | F5: 2 | G5: Bag Filter Fan | H5: W | I5: Cement Mill-2 | J5: Current | M5: CM2_532FN1_II | N5: Cement Mill-2 | O5: W-DUCW2-CM2-I-PV-CM2_532FN1_II | Q5: ns=2;s=1:CM2_532FN1_II?Value | R5: c4cdf49f-5971-403f-8a44-6ee4317a1471 | S5: CM-Dust Collector | T5: opc.tcp://10.5.32.43:26080/ | U5: DH01 | V5: 60 | W5: CM2_532FN1_II | X5: 9101ba08-3823-48c6-b452-957d965cd1cc | AD5: Current
A6: amp | B6: PV | C6: DUCW | D6: W-DUCW2-CM2-I-PV-CM2_532MS1_II | E6: CEMENT | F6: 2 | G6: Magnetic Separator | H6: W | I6: Cement Mill-2 | J6: DC Current | M6: CM2_532MS1_II | N6: Cement Mill-2 | O6: W-DUCW2-CM2-I-PV-CM2_532MS1_II | Q6: ns=2;s=1:CM2_532MS1_II?Value | R6: 7f39c785-4bb6-42e0-85d9-57f679b7734c | S6: CM-Separators | T6: opc.tcp://10.5.32.43:26080/ | U6: DH01 | V6: 60 | W6: CM2_532MS1_II | X6: 9101ba08-3823-48c6-b452-957d965cd1cc | AD6: Current
A7: amp | B7: PV | C7: DUCW | D7: W-DUCW2-CM2-I-PV-CM2_532WF1_II | E7: CEMENT | F7: 2 | G7: Weigh Feeder | H7: W | I7: Cement Mill-2 | J7: Motor Current | M7: CM2_532WF1_II | N7: Cement Mill-2 | O7: W-DUCW2-CM2-I-PV-CM2_532WF1_II | Q7: ns=2;s=1:CM2_532WF1_II?Value | R7: c48ee8ea-437c-4807-a974-70630bb6bfc2 | S7: CM-Feeding | T7: opc.tcp://10.5.32.43:26080/ | U7: DH01 | V7: 60 | W7: CM2_532WF1_II | X7: 9101ba08-3823-48c6-b452-957d965cd1cc | AD7: Current
A8: amp | B8: PV | C8: DUCW | D8: W-DUCW2-CM2-I-PV-CM2_532WF2_II | E8: CEMENT | F8: 2 | G8: Weigh Feeder | H8: W | I8: Cement Mill-2 | J8: Motor Current | M8: CM2_532WF2_II | N8: Cement Mill-2 | O8: W-DUCW2-CM2-I-PV-CM2_532WF2_II | Q8: ns=2;s=1:CM2_532WF2_II?Value | R8: 4c66c409-d103-4b63-9aba-93acbc64d7e8 | S8: CM-Feeding | T8: opc.tcp://10.5.32.43:26080/ | U8: DH01 | V8: 60 | W8: CM2_532WF2_II | X8: 9101ba08-3823-48c6-b452-957d965cd1cc | AD8: Current
A9: amp | B9: PV | C9: DUCW | D9: W-DUCW2-CM2-I-PV-CM2_532WF3_II | E9: CEMENT | F9: 2 | G9: Weigh Feeder | H9: W | I9: Cement Mill-2 | J9: Motor Current | M9: CM2_532WF3_II | N9: Cement Mill-2 | O9: W-DUCW2-CM2-I-PV-CM2_532WF3_II | Q9: ns=2;s=1:CM2_532WF3_II?Value | R9: 94f69d98-abf4-46f5-afe7-6656cea62da1 | S9: CM-Feeding | T9: opc.tcp://10.5.32.43:26080/ | U9: DH01 | V9: 60 | W9: CM2_532WF3_II | X9: 9101ba08-3823-48c6-b452-957d965cd1cc | AD9: Current
A10: mmWC | B10: PV | C10: DUCW | D10: W-DUCW2-CM2-P-PV-CM2_532BF1_DPT | E10: CEMENT | F10: 2 | G10: Bag Filter | H10: W | I10: Cement Mill-2 | J10: Differential pressure | M10: CM2_532BF1_DPT | N10: Cement Mill-2 | O10: W-DUCW2-CM2-P-PV-CM2_532BF1_DPT | Q10: ns=2;s=1:CM2_532BF1_DPT?Value | R10: 1b66b5d4-1a07-4a88-873a-00377ee12e2e | S10: CM-Dust Collector | T10: opc.tcp://10.5.32.43:26080/ | U10: DH01 | V10: 60 | W10: CM2_532BF1_DPT | X10: 9101ba08-3823-48c6-b452-957d965cd1cc | AD10: Pressure
A11: Bar | B11: PV | C11: DUCW | D11: W-DUCW2-CM2-P-PV-CM2_532BF1_PT | E11: CEMENT | F11: 2 | G11: Bag Filter | H11: W | I11: Cement Mill-2 | J11: Compressor Air Pressure | M11: CM2_532BF1_PT | N11: Cement Mill-2 | O11: W-DUCW2-CM2-P-PV-CM2_532BF1_PT | Q11: ns=2;s=1:CM2_532BF1_PT?Value | R11: c340c734-aea6-4bcb-a00b-21c27536bcbe | S11: CM-Dust Collector | T11: opc.tcp://10.5.32.43:26080/ | U11: DH01 | V11: 60 | W11: CM2_532BF1_PT | X11: 9101ba08-3823-48c6-b452-957d965cd1cc | AD11: Pressure
A12: RPM | B12: PV | C12: DUCW | D12: W-DUCW2-CM2-R-PV-CM2_532FN1_SI | E12: CEMENT | F12: 2 | G12: Bag Filter Fan | H12: W | I12: Cement Mill-2 | J12: Speed | M12: CM2_532FN1_SI | N12: Cement Mill-2 | O12: W-DUCW2-CM2-R-PV-CM2_532FN1_SI | Q12: ns=2;s=1:CM2_532FN1_SI?Value | R12: adef58ec-1ab7-4aa3-b0ab-6faf451d8238 | S12: CM-Dust Collector | T12: opc.tcp://10.5.32.43:26080/ | U12: DH01 | V12: 60 | W12: CM2_532FN1_SI | X12: 9101ba08-3823-48c6-b452-957d965cd1cc | AD12: Speed
A13: RPM | B13: PV | C13: DUCW | D13: W-DUCW2-CM2-R-PV-CM2_532WF1_SI | E13: CEMENT | F13: 2 | G13: Weigh Feeder | H13: W | I13: Cement Mill-2 | J13: Motor Speed | M13: CM2_532WF1_SI | N13: Cement Mill-2 | O13: W-DUCW2-CM2-R-PV-CM2_532WF1_SI | Q13: ns=2;s=1:CM2_532WF1_SI?Value | R13: 17d7734e-8cc8-4909-8574-0dadacc13000 | S13: CM-Feeding | T13: opc.tcp://10.5.32.43:26080/ | U13: DH01 | V13: 60 | W13: CM2_532WF1_SI | X13: 9101ba08-3823-48c6-b452-957d965cd1cc | AD13: Speed
... A25: state | B25: Mode | C25: DUCW | D25: W-DUCW2-CM2-ST-SV-CM2_532AB9_PS | E25: CEMENT | F25: 2 | G25: Air Blaster | H25: W | I25: Cement Mill-2 | J25: Pressure Switch | M25: CM2_532AB9_PS | N25: Cement Mill-2 | O25: W-DUCW2-CM2-ST-SV-CM2_532AB9_PS | Q25: ns=2;s=1:CM2_532AB9_PS?Value | R25: 35f2c4db-0ca9-4e0b-b01a-1535551a2721 | S25: Mill | T25: opc.tcp://10.5.32.43:26080/ | U25: DH01 | V25: 60 | W25: CM2_532AB9_PS | X25: 9101ba08-3823-48c6-b452-957d965cd1cc | AD25: Status
A26: state | B26: Mode | C26: DUCW | D26: W-DUCW2-CM2-ST-SV-CM2_532BC1_DE_MG | E26: CEMENT | F26: 2 | G26: Belt Conveyor | H26: W | I26: Cement Mill-2 | J26: Machin Guarding DE | M26: CM2_532BC1_DE_MG | N26: Cement Mill-2 | O26: W-DUCW2-CM2-ST-SV-CM2_532BC1_DE_MG | R26: 1005c013-2423-46a7-a148-1abad0e54ccc | S26: CM-Transport | U26: DH01 | V26: 60 | W26: CM2_532BC1_DE_MG | X26: 9101ba08-3823-48c6-b452-957d965cd1cc | AD26: Status
A27: state | B27: Mode | C27: DUCW | D27: W-DUCW2-CM2-ST-SV-CM2_532BC1_NDE_MG | E27: CEMENT | F27: 2 | G27: Belt Conveyor | H27: W | I27: Cement Mill-2 | J27: Machin Guarding NDE | M27: CM2_532BC1_NDE_MG | N27: Cement Mill-2 | O27: W-DUCW2-CM2-ST-SV-CM2_532BC1_NDE_MG | R27: 8cd1e237-0a42-4ad5-ab28-d628400944c6 | S27: CM-Transport | U27: DH01 | V27: 60 | W27: CM2_532BC1_NDE_MG | X27: 9101ba08-3823-48c6-b452-957d965cd1cc | AD27: Status
A28: state | B28: Mode | C28: DUCW | D28: W-DUCW2-CM2-ST-SV-CM2_532BC2_L_DR_ZS2 | E28: CEMENT | F28: 2 | G28: Belt Conveyor | H28: W | I28: Cement Mill-2 | J28: Non Drive End Door Limit Switch1 | M28: CM2_532BC2_L_DR_ZS2 | N28: Cement Mill-2 | O28: W-DUCW2-CM2-ST-SV-CM2_532BC2_L_DR_ZS2 | Q28: ns=2;s=1:CM2_532BC2_L_DR_ZS2?Value | R28: 7f961c96-0c44-4da3-b076-9b3e84a1a769 | S28: CM-Transport | T28: opc.tcp://10.5.32.43:26080/ | U28: DH01 | V28: 60 | W28: CM2_532BC2_L_DR_ZS2 | X28: 9101ba08-3823-48c6-b452-957d965cd1cc | AD28: Status
A29: state | B29: Mode | C29: DUCW | D29: W-DUCW2-CM2-ST-SV-CM2_532BC2_NDE_MG | E29: CEMENT | F29: 2 | G29: Belt Conveyor | H29: W | I29: Cement Mill-2 | J29: Machin Guarding NDE | M29: CM2_532BC2_NDE_MG | N29: Cement Mill-2 | O29: W-DUCW2-CM2-ST-SV-CM2_532BC2_NDE_MG | R29: b49cd491-3ab5-4241-a90c-c23228e335b1 | S29: CM-Transport | U29: DH01 | V29: 60 | W29: CM2_532BC2_NDE_MG | X29: 9101ba08-3823-48c6-b452-957d965cd1cc | AD29: Status
A30: state | B30: Mode | C30: DUCW | D30: W-DUCW2-CM2-ST-SV-CM2_532BC2_R_DR_ZS2 | E30: CEMENT | F30: 2 | G30: Belt Conveyor | H30: W | I30: Cement Mill-2 | J30: Non Drive End Door Limit Switch12 | M30: CM2_532BC2_R_DR_ZS2 | N30: Cement Mill-2 | O30: W-DUCW2-CM2-ST-SV-CM2_532BC2_R_DR_ZS2 | Q30: ns=2;s=1:CM2_532BC2_R_DR_ZS2?Value | R30: 2f79f08d-3dcd-4b0b-b0c2-33182d1a560f | S30: CM-Transport | T30: opc.tcp://10.5.32.43:26080/ | U30: DH01 | V30: 60 | W30: CM2_532BC2_R_DR_ZS2 | X30: 9101ba08-3823-48c6-b452-957d965cd1cc | AD30: Status
A31: state | B31: Mode | C31: DUCW | D31: W-DUCW2-CM2-ST-SV-CM2_562LD1_M01_PH | E31: CEMENT | F31: 2 | G31: Damper | H31: W | I31: Cement Mill-2 | J31: MOTOR FOR LOURVE DAMPER | M31: CM2 _562LD1_M01_PH | N31: Cement Mill-2 | O31: W-DUCW2-CM2-ST-SV-CM2_562LD1_M01_PH | R31: f060aa7b-67ba-4552-8010-cbb91819b833 | S31: CM-Regulators | U31: DH01 | V31: 60 | W31: CM2 _562LD1_M01_PH | X31: 9101ba08-3823-48c6-b452-957d965cd1cc | AD31: Status
A32: state | B32: Mode | C32: DUCW | D32: W-DUCW2-CM2-ST-SV-CM2_62LD3_M01_PH | E32: CEMENT | F32: 2 | G32: Damper | H32: W | I32: Cement Mill-2 | J32: MOTOR FOR LOURVE DAMPER 5 | M32: CM2 _62LD3_M01_PH | N32: Cement Mill-2 | O32: W-DUCW2-CM2-ST-SV-CM2_62LD3_M01_PH | R32: 5dd80562-d303-4529-aa80-5a491007c6a6 | S32: CM-Regulators | U32: DH01 | V32: 60 | W32: CM2 _62LD3_M01_PH | X32: 9101ba08-3823-48c6-b452-957d965cd1cc | AD32: Status
A33: state | B33: Mode | C33: DUCW | D33: W-DUCW2-CM2-ST-SV-MH2_-512CGE_M01_PH | E33: CEMENT | F33: 2 | G33: Clam Shell Gate | H33: W | I33: Cement Mill-2 | J33: MOTOR FOR CLAM SHELL GATE | M33: MH2_-512CGE_M01_PH | N33: Cement Mill-2 | O33: W-DUCW2-CM2-ST-SV-MH2_-512CGE_M01_PH | Q33: ns=2;s=1:MH2_-512CGE_M01_PH?Value | R33: 19050c98-08ac-4b8d-90a4-a53fa55a1556 | S33: CM-Regulators | T33: opc.tcp://10.5.32.43:26080/ | U33: DH01 | V33: 60 | W33: MH2_-512CGE_M01_PH | X33: 9101ba08-3823-48c6-b452-957d965cd1cc | AD33: Status
A34: state | B34: Mode | C34: DUCW | D34: W-DUCW2-CM2-ST-SV-MH2_492BC1_DE_MG | E34: CEMENT | F34: 2 | G34: Belt Conveyor | H34: W | I34: Cement Mill-2 | J34: Machine Guard Guard DE | M34: MH2_492BC1_DE_MG | N34: Cement Mill-2 | O34: W-DUCW2-CM2-ST-SV-MH2_492BC1_DE_MG | Q34: ns=2;s=1:MH2_492BC1_DE_MG?Value | R34: 9e660021-d218-46c6-bff8-da54385e1abb | S34: CM-Transport | T34: opc.tcp://10.5.32.43:26080/ | U34: DH01 | V34: 60 | W34: MH2_492BC1_DE_MG | X34: 9101ba08-3823-48c6-b452-957d965cd1cc | AD34: Status
A35: state | B35: Mode | C35: DUCW | D35: W-DUCW2-CM2-ST-SV-MH2_492BC1_L_DR_ZS1 | E35: CEMENT | F35: 2 | G35: Belt Conveyor | H35: W | I35: Cement Mill-2 | J35: DE Left Door Proxy Switch | M35: MH2_492BC1_L_DR_ZS1 | N35: Cement Mill-2 | O35: W-DUCW2-CM2-ST-SV-MH2_492BC1_L_DR_ZS1 | Q35: ns=2;s=1:MH2_492BC1_L_DR_ZS1?Value | R35: 644da472-b14a-4b8c-a109-01720412f8bd | S35: CM-Transport | T35: opc.tcp://10.5.32.43:26080/ | U35: DH01 | V35: 60 | W35: MH2_492BC1_L_DR_ZS1 | X35: 9101ba08-3823-48c6-b452-957d965cd1cc | AD35: Status
A36: state | B36: Mode | C36: DUCW | D36: W-DUCW2-CM2-ST-SV-MH2_492BC1_L_DR_ZS2 | E36: CEMENT | F36: 2 | G36: Belt Conveyor | H36: W | I36: Cement Mill-2 | J36: NDE Left Door Proxy Switch | M36: MH2_492BC1_L_DR_ZS2 | N36: Cement Mill-2 | O36: W-DUCW2-CM2-ST-SV-MH2_492BC1_L_DR_ZS2 | Q36: ns=2;s=1:MH2_492BC1_L_DR_ZS2?Value | R36: 6d53d32b-7d30-4235-93ec-4685f60e94a4 | S36: CM-Transport | T36: opc.tcp://10.5.32.43:26080/ | U36: DH01 | V36: 60 | W36: MH2_492BC1_L_DR_ZS2 | X36: 9101ba08-3823-48c6-b452-957d965cd1cc | AD36: Status
A37: state | B37: Mode | C37: DUCW | D37: W-DUCW2-CM2-ST-SV-MH2_492BC1_NDE_MG | E37: CEMENT | F37: 2 | G37: Belt Conveyor | H37: W | I37: Cement Mill-2 | J37: Machine Guard NDE | M37: MH2_492BC1_NDE_MG | N37: Cement Mill-2 | O37: W-DUCW2-CM2-ST-SV-MH2_492BC1_NDE_MG | Q37: ns=2;s=1:MH2_492BC1_NDE_MG?Value | R37: fe2959f2-0a27-4ca5-ae81-ac5a2c2610cf | S37: CM-Transport | T37: opc.tcp://10.5.32.43:26080/ | U37: DH01 | V37: 60 | W37: MH2_492BC1_NDE_MG | X37: 9101ba08-3823-48c6-b452-957d965cd1cc | AD37: Status
A38: state | B38: Mode | C38: DUCW | D38: W-DUCW2-CM2-ST-SV-MH2_492BC1_R_DR_ZS1 | E38: CEMENT | F38: 2 | G38: Belt Conveyor | H38: W | I38: Cement Mill-2 | J38: DE Right Door Proxy Switch | M38: MH2_492BC1_R_DR_ZS1 | N38: Cement Mill-2 | O38: W-DUCW2-CM2-ST-SV-MH2_492BC1_R_DR_ZS1 | Q38: ns=2;s=1:MH2_492BC1_R_DR_ZS1?Value | R38: d94a687d-06ae-46c2-af52-220322f76b46 | S38: CM-Transport | T38: opc.tcp://10.5.32.43:26080/ | U38: DH01 | V38: 60 | W38: MH2_492BC1_R_DR_ZS1 | X38: 9101ba08-3823-48c6-b452-957d965cd1cc | AD38: Status
A39: state | B39: Mode | C39: DUCW | D39: W-DUCW2-CM2-ST-SV-MH2_492BC1_R_DR_ZS2 | E39: CEMENT | F39: 2 | G39: Belt Conveyor | H39: W | I39: Cement Mill-2 | J39: NDE Right Door Proxy Switch | M39: MH2_492BC1_R_DR_ZS2 | N39: Cement Mill-2 | O39: W-DUCW2-CM2-ST-SV-MH2_492BC1_R_DR_ZS2 | Q39: ns=2;s=1:MH2_492BC1_R_DR_ZS2?Value | R39: 144cb536-6a25-4413-9cab-17c49a381fce | S39: CM-Transport | T39: opc.tcp://10.5.32.43:26080/ | U39: DH01 | V39: 60 | W39: MH2_492BC1_R_DR_ZS2 | X39: 9101ba08-3823-48c6-b452-957d965cd1cc | AD39: Status
A40: state | B40: Mode | C40: DUCW | D40: W-DUCW2-CM2-ST-SV-MH2_492FN1_PH | E40: CEMENT | F40: 2 | G40: Bag Filter Fan | H40: W | I40: Cement Mill-2 | J40: Panel Healthy | M40: MH2_492FN1_PH | N40: Cement Mill-2 | O40: W-DUCW2-CM2-ST-SV-MH2_492FN1_PH | Q40: ns=2;s=1:MH2_492FN1_PH?Value | R40: 9c242de6-c0e9-42a6-b2c3-1ffb8236796f | S40: CM-Fans | T40: opc.tcp://10.5.32.43:26080/ | U40: DH01 | V40: 60 | W40: MH2_492FN1_PH | X40: 9101ba08-3823-48c6-b452-957d965cd1cc | AD40: Status
A41: state | B41: Mode | C41: DUCW | D41: W-DUCW2-CM2-ST-SV-MH2_492FN1_RUN | E41: CEMENT | F41: 2 | G41: Bag Filter Fan | H41: W | I41: Cement Mill-2 | J41: Drive Run | M41: MH2_492FN1_RUN | N41: Cement Mill-2 | O41: W-DUCW2-CM2-ST-SV-MH2_492FN1_RUN | Q41: ns=2;s=1:MH2_492FN1?Operating | R41: 3177540f-2a76-42f6-ba8b-eb0eadd0bcf8 | S41: CM-Fans | T41: opc.tcp://10.5.32.43:26080/ | U41: DH01 | V41: 60 | W41: MH2_492FN1_RUN | X41: 9101ba08-3823-48c6-b452-957d965cd1cc | AD41: Status
A42: state | B42: Mode | C42: DUCW | D42: W-DUCW2-CM2-ST-SV-MH2_492FN2_PH | E42: CEMENT | F42: 2 | G42: Bag Filter Fan | H42: W | I42: Cement Mill-2 | J42: Panel Healthy | M42: MH2_492FN2_PH | N42: Cement Mill-2 | O42: W-DUCW2-CM2-ST-SV-MH2_492FN2_PH | Q42: ns=2;s=1:MH2_492FN2_PH?Value | R42: 95d51524-7994-484e-bde4-8c306be78c60 | S42: CM-Fans | T42: opc.tcp://10.5.32.43:26080/ | U42: DH01 | V42: 60 | W42: MH2_492FN2_PH | X42: 9101ba08-3823-48c6-b452-957d965cd1cc | AD42: Status
A43: state | B43: Mode | C43: DUCW | D43: W-DUCW2-CM2-ST-SV-MH2_492FN2_RUN | E43: CEMENT | F43: 2 | G43: Bag Filter Fan | H43: W | I43: Cement Mill-2 | J43: Drive Run | M43: MH2_492FN2_RUN | N43: Cement Mill-2 | O43: W-DUCW2-CM2-ST-SV-MH2_492FN2_RUN | Q43: ns=2;s=1:MH2_492FN2?Operating | R43: 2756f50f-0429-4626-b24b-2d09d6c193b8 | S43: CM-Fans | T43: opc.tcp://10.5.32.43:26080/ | U43: DH01 | V43: 60 | W43: MH2_492FN2_RUN | X43: 9101ba08-3823-48c6-b452-957d965cd1cc | AD43: Status
A44: state | B44: Mode | C44: DUCW | D44: W-DUCW2-CM2-ST-SV-MH2_492FN3_PH | E44: CEMENT | F44: 2 | G44: Bag Filter Fan | H44: W | I44: Cement Mill-2 | J44: Panel Healthy | M44: MH2_492FN3_PH | N44: Cement Mill-2 | O44: W-DUCW2-CM2-ST-SV-MH2_492FN3_PH | Q44: ns=2;s=1:MH2_492FN3_PH?Value | R44: 7a7e9940-0c31-46e2-b365-e9b3bfc3844d | S44: CM-Fans | T44: opc.tcp://10.5.32.43:26080/ | U44: DH01 | V44: 60 | W44: MH2_492FN3_PH | X44: 9101ba08-3823-48c6-b452-957d965cd1cc | AD44: Status
... A78: state | B78: Mode | C78: DUCW | D78: W-DUCW2-CM2-ST-SV-MH2_K22DG1_M01_PH | E78: CEMENT | F78: 2 | G78: Diverting Gate | H78: W | I78: Cement Mill-2 | J78: MOTOR FOR DIVERTING GATE | M78: MH2_K22DG1_M01_PH | N78: Cement Mill-2 | O78: W-DUCW2-CM2-ST-SV-MH2_K22DG1_M01_PH | Q78: ns=2;s=1:MH2_K22DG1_M01_PH?Value | R78: b1825e35-f108-4bd4-b9c7-94ef72201382 | S78: CM-Regulators | T78: opc.tcp://10.5.32.43:26080/ | U78: DH01 | V78: 60 | W78: MH2_K22DG1_M01_PH | X78: 9101ba08-3823-48c6-b452-957d965cd1cc | AD78: Status
A79: state | B79: Mode | C79: DUCW | D79: W-DUCW2-CM2-ST-SV-MH2_K22FN2_PH | E79: CEMENT | F79: 2 | G79: Bag Filter Fan | H79: W | I79: Cement Mill-2 | J79: Panel Healthy | M79: MH2_K22FN2_PH | N79: Cement Mill-2 | O79: W-DUCW2-CM2-ST-SV-MH2_K22FN2_PH | R79: a137d238-cc1a-4aa3-91aa-9b10c37bc5a4 | S79: CM-Fans | U79: DH01 | V79: 60 | W79: MH2_K22FN2_PH | X79: 9101ba08-3823-48c6-b452-957d965cd1cc | AD79: Status
A80: state | B80: Mode | C80: DUCW | D80: W-DUCW2-CM2-ST-SV-MH2_K22FN2_RUN | E80: CEMENT | F80: 2 | G80: Bag Filter Fan | H80: W | I80: Cement Mill-2 | J80: Drive Run | M80: MH2_K22FN2_RUN | N80: Cement Mill-2 | O80: W-DUCW2-CM2-ST-SV-MH2_K22FN2_RUN | Q80: ns=2;s=1:MH2_K22FN2?Operating | R80: 238f707e-3979-4b87-9c9a-9dcd5e374a58 | S80: CM-Fans | T80: opc.tcp://10.5.32.43:26080/ | U80: DH01 | V80: 60 | W80: MH2_K22FN2_RUN | X80: 9101ba08-3823-48c6-b452-957d965cd1cc | AD80: Status
A81: Deg C | B81: PV | C81: DUCW | D81: W-DUCW2-CM2-T-PV-CM2_532MS1_OTE | E81: CEMENT | F81: 2 | G81: Magnetic Separator | H81: W | I81: Cement Mill-2 | J81: Magnet Oil Temperature | M81: CM2_532MS1_OTE | N81: Cement Mill-2 | O81: W-DUCW2-CM2-T-PV-CM2_532MS1_OTE | Q81: ns=2;s=1:CM2_532MS1_OTE?Value | R81: 20ab2b2d-8721-42db-a70a-1900d207ffa6 | S81: CM-Separators | T81: opc.tcp://10.5.32.43:26080/ | U81: DH01 | V81: 60 | W81: CM2_532MS1_OTE | X81: 9101ba08-3823-48c6-b452-957d965cd1cc | AD81: Temperature
A82: Deg C | B82: PV | C82: DUCW | D82: W-DUCW2-CM2-T-PV-CM2_532MS1_TT | E82: CEMENT | F82: 2 | G82: Magnetic Separator | H82: W | I82: Cement Mill-2 | J82: Magnet Temperature | M82: CM2_532MS1_TT | N82: Cement Mill-2 | O82: W-DUCW2-CM2-T-PV-CM2_532MS1_TT | Q82: ns=2;s=1:CM2_532MS1_TT?Value | R82: 2b9b424c-9828-4c0e-84f0-3bc307da05d8 | S82: CM-Separators | T82: opc.tcp://10.5.32.43:26080/ | U82: DH01 | V82: 60 | W82: CM2_532MS1_TT | X82: 9101ba08-3823-48c6-b452-957d965cd1cc | AD82: Temperature
A83: Deg C | B83: PV | C83: DUCW | D83: W-DUCW2-CM2-T-PV-CM2_IO_ROOM_TE | E83: CEMENT | F83: 2 | G83: Others | H83: W | I83: Cement Mill-2 | J83: Temperature | M83: CM2_IO_ROOM_TE | N83: Cement Mill-2 | O83: W-DUCW2-CM2-T-PV-CM2_IO_ROOM_TE | Q83: ns=2;s=1:CM2_IO_ROOM_TE?Value | R83: d31fc0ed-1a54-4ed8-b6ac-09cecc023686 | S83: Mill | T83: opc.tcp://10.5.32.43:26080/ | U83: DH01 | V83: 60 | W83: CM2_IO_ROOM_TE | X83: 9101ba08-3823-48c6-b452-957d965cd1cc | AD83: Temperature
A84: Tons | B84: PV | C84: DUCW | D84: W-DUCW2-CM2-WE-PV-CM2_532WF1_WI | E84: CEMENT | F84: 2 | G84: Weigh Feeder | H84: W | I84: Cement Mill-2 | J84: Bin Weight | M84: CM2_532WF1_WI | N84: Cement Mill-2 | O84: W-DUCW2-CM2-WE-PV-CM2_532WF1_WI | Q84: ns=2;s=1:CM2_532WF1_WI?Value | R84: bfc16dff-3338-4ca0-a7c8-3fcf94616d21 | S84: CM-Feeding | T84: opc.tcp://10.5.32.43:26080/ | U84: DH01 | V84: 60 | W84: CM2_532WF1_WI | X84: 9101ba08-3823-48c6-b452-957d965cd1cc | AD84: Weight
A85: Tons | B85: PV | C85: DUCW | D85: W-DUCW2-CM2-WE-PV-CM2_532WF2_WI | E85: CEMENT | F85: 2 | G85: Weigh Feeder | H85: W | I85: Cement Mill-2 | J85: Bin Weight | M85: CM2_532WF2_WI | N85: Cement Mill-2 | O85: W-DUCW2-CM2-WE-PV-CM2_532WF2_WI | Q85: ns=2;s=1:CM2_532WF2_WI?Value | R85: 6ddd3089-d9cb-4a30-9dfd-c39bcc0cc601 | S85: CM-Feeding | T85: opc.tcp://10.5.32.43:26080/ | U85: DH01 | V85: 60 | W85: CM2_532WF2_WI | X85: 9101ba08-3823-48c6-b452-957d965cd1cc | AD85: Weight
A86: Tons | B86: PV | C86: DUCW | D86: W-DUCW2-CM2-WE-PV-CM2_532WF3_WI | E86: CEMENT | F86: 2 | G86: Weigh Feeder | H86: W | I86: Cement Mill-2 | J86: Bin Weight | M86: CM2_532WF3_WI | N86: Cement Mill-2 | O86: W-DUCW2-CM2-WE-PV-CM2_532WF3_WI | Q86: ns=2;s=1:CM2_532WF3_WI?Value | R86: c6600195-224a-4e7a-b3f6-0b77cef07b2a | S86: CM-Feeding | T86: opc.tcp://10.5.32.43:26080/ | U86: DH01 | V86: 60 | W86: CM2_532WF3_WI | X86: 9101ba08-3823-48c6-b452-957d965cd1cc | AD86: Weight
A87: TPH | B87: PV | C87: DUCW | D87: N-DUCW1-CM1-F-PV-CM_561BW1_FR | E87: CEMENT | F87: 1 | G87: dummy | H87: N | I87: Cement Mill | J87: Mill Reject Belt Weigher, Feed Rate | K87: 60000 | L87: Flow | M87: CM_561BW1_FR | N87: Cement Mill | O87: N-DUCW1-CM1-F-PV-CM_561BW1_FR | Q87: ns=2;s=1:CM_561BW1_FR?Value | R87: e699f15a-670d-4dfd-903a-253076441067 | S87: dummy | T87: opc.tcp://10.5.32.43:26080/ | U87: DH01 | V87: 60 | W87: CM_561BW1_FR | X87: ce59641e-a2fe-426c-a8b4-aa4e1b7b9da8
A88: TPH | B88: #N/A | C88: DUCW | D88: N-DUCW1-CM1-F-PV-CM_TOTAL_FEED_ACT | E88: CEMENT | F88: 1 | G88: Main Equipment | H88: N | I88: Cement Mill | J88: Total Feed Cement mill | K88: #N/A | L88: #N/A | M88: CM_TOTAL_FEED_ACT | N88: Cement Mill | O88: N-DUCW1-CM1-F-PV-CM_TOTAL_FEED_ACT | Q88: #N/A | R88: d589e740-6841-4871-bb8f-f0711a497617 | S88: Mill | T88: #N/A | U88: DH01 | V88: 60 | W88: CM_TOTAL_FEED_ACT | X88: ce59641e-a2fe-426c-a8b4-aa4e1b7b9da8
A89: amp | B89: OP | C89: DUCW | D89: N-DUCW1-CM1-I-OP-CM_591BE1_M01II_B | E89: CEMENT | F89: 1 | G89: dummy | H89: N | I89: Cement Mill | J89: CM Bag House Bucket Elevator Cement Silo Feeding, Current | K89: 60000 | L89: Current | M89: CM_591BE1_M01II_B | N89: Cement Mill | O89: N-DUCW1-CM1-I-OP-CM_591BE1_M01II_B | Q89: ns=2;s=1:CM_591BE1_M01II_B?Value | R89: 5ca8f3e3-c4a4-4986-b429-5688b5502dcd | S89: dummy | T89: opc.tcp://10.5.32.43:26080/ | U89: DH01 | V89: 60 | W89: CM_591BE1_M01II_B | X89: ce59641e-a2fe-426c-a8b4-aa4e1b7b9da8
A90: mm | B90: PV | C90: DUCW | D90: N-DUCW1-CM1-L-PV-CM_561HT1_S01AI01 | E90: CEMENT | F90: 1 | G90: dummy | H90: N | I90: Cement Mill | J90: Full Load Bed Height | K90: 60000 | L90: Level | M90: CM_561HT1_S01AI01 | N90: Cement Mill | O90: N-DUCW1-CM1-L-PV-CM_561HT1_S01AI01 | Q90: ns=2;s=1:CM_561HT1_S01AI01?Value | R90: 9467bb76-7a3c-4f08-8274-5a78f56f3660 | S90: dummy | T90: opc.tcp://10.5.32.43:26080/ | U90: DH01 | V90: 60 | W90: CM_561HT1_S01AI01 | X90: ce59641e-a2fe-426c-a8b4-aa4e1b7b9da8
A91: meter | B91: Mode | C91: DUCW | D91: N-DUCW1-CM1-L-SV-CM_611SB1_LT1 | E91: CEMENT | F91: 1 | G91: dummy | H91: N | I91: Cement Mill | J91: Cement Silo, Level Monitoring | K91: 60000 | L91: Level | M91: CM_611SB1_LT1 | N91: Cement Mill | O91: N-DUCW1-CM1-L-SV-CM_611SB1_LT1 | Q91: ns=2;s=1:CM_611SB1_LT1?Value | R91: 029f374b-fbb1-44e0-98eb-3f0d2d72f9a9 | S91: dummy | T91: opc.tcp://10.5.32.43:26080/ | U91: DH01 | V91: 60 | W91: CM_611SB1_LT1 | X91: ce59641e-a2fe-426c-a8b4-aa4e1b7b9da8
A92: meter | B92: Mode | C92: DUCW | D92: N-DUCW1-CM1-L-SV-CM_611SB1_LT2 | E92: CEMENT | F92: 1 | G92: dummy | H92: N | I92: Cement Mill | J92: Cement Silo, Level Monitoring | K92: 60000 | L92: Level | M92: CM_611SB1_LT2 | N92: Cement Mill | O92: N-DUCW1-CM1-L-SV-CM_611SB1_LT2 | Q92: ns=2;s=1:CM_611SB1_LT2?Value | R92: f8acf0e9-7b59-4faf-8d1a-b964842c0e7e | S92: dummy | T92: opc.tcp://10.5.32.43:26080/ | U92: DH01 | V92: 60 | W92: CM_611SB1_LT2 | X92: ce59641e-a2fe-426c-a8b4-aa4e1b7b9da8
A93: meter | B93: Mode | C93: DUCW | D93: N-DUCW1-CM1-L-SV-CM_611SB1_LT3 | E93: CEMENT | F93: 1 | G93: dummy | H93: N | I93: Cement Mill | J93: Cement Silo, Level Monitoring | K93: 60000 | L93: Level | M93: CM_611SB1_LT3 | N93: Cement Mill | O93: N-DUCW1-CM1-L-SV-CM_611SB1_LT3 | Q93: ns=2;s=1:CM_611SB1_LT3?Value | R93: 7dabfa4b-84e6-4579-8d68-c8380b978863 | S93: dummy | T93: opc.tcp://10.5.32.43:26080/ | U93: DH01 | V93: 60 | W93: CM_611SB1_LT3 | X93: ce59641e-a2fe-426c-a8b4-aa4e1b7b9da8
A94: bar | B94: PV | C94: DUCW | D94: N-DUCW1-CM1-P-PC-CM_561MRV5000GRND_PR | E94: CEMENT | F94: 1 | G94: dummy | H94: N | I94: Cement Mill | J94: Grinding Pressure SP to HYD | K94: 60000 | L94: Pressure | M94: CM_561MRV5000GRND_PR | N94: Cement Mill | O94: N-DUCW1-CM1-P-PC-CM_561MRV5000GRND_PR | Q94: ns=2;s=1:CM_561MRV5000GRND_PR?Value | R94: 227e3a21-5fb3-43ba-acce-224366d2f36c | S94: dummy | T94: opc.tcp://10.5.32.43:26080/ | U94: DH01 | V94: 60 | W94: CM_561MRV5000GRND_PR | X94: ce59641e-a2fe-426c-a8b4-aa4e1b7b9da8
A95: RPM | B95: PV | C95: DUCW | D95: N-DUCW1-CM1-R-PC-CM_561FN3_SI | E95: CEMENT | F95: 1 | G95: dummy | H95: N | I95: Cement Mill | J95: Cement Mill Bag House Fan, Motor Speed | K95: 60000 | L95: Speed | M95: CM_561FN3_SI | N95: Cement Mill | O95: N-DUCW1-CM1-R-PC-CM_561FN3_SI | Q95: ns=2;s=1:CM_561FN3_SI?Value | R95: c98aaaa8-8842-4a8d-ad0b-0ba3ddca31cd | S95: dummy | T95: opc.tcp://10.5.32.43:26080/ | U95: DH01 | V95: 60 | W95: CM_561FN3_SI | X95: ce59641e-a2fe-426c-a8b4-aa4e1b7b9da8
A96: RPM | B96: PV | C96: DUCW | D96: N-DUCW1-CM1-R-PC-CM_561SR1_SI | E96: CEMENT | F96: 1 | G96: dummy | H96: N | I96: Cement Mill | J96: Classifier VFD, Speed | K96: 60000 | L96: Speed | M96: CM_561SR1_SI | N96: Cement Mill | O96: N-DUCW1-CM1-R-PC-CM_561SR1_SI | Q96: ns=2;s=1:CM_561SR1_SI?Value | R96: c6a1bb01-e1b7-43f1-adbc-d662f623d0e6 | S96: dummy | T96: opc.tcp://10.5.32.43:26080/ | U96: DH01 | V96: 60 | W96: CM_561SR1_SI | X96: ce59641e-a2fe-426c-a8b4-aa4e1b7b9da8
A97: TPH | B97: PV | C97: DUCW | D97: N-DUCW1-CM1-SP-IF-CM_531WF1_FR | E97: CEMENT | F97: 1 | G97: dummy | H97: N | I97: Cement Mill | J97: Clinker Weigh Feeder, WF Feed Rate | K97: 60000 | L97: Other | M97: CM_531WF1_FR | N97: Cement Mill | O97: N-DUCW1-CM1-SP-IF-CM_531WF1_FR | Q97: ns=2;s=1:CM_531WF1_FR?Value | R97: 66d28dff-3ab9-4d45-9213-ea04c0861e5d | S97: dummy | T97: opc.tcp://10.5.32.43:26080/ | U97: DH01 | V97: 60 | W97: CM_531WF1_FR | X97: ce59641e-a2fe-426c-a8b4-aa4e1b7b9da8
A98: TPH | B98: PV | C98: DUCW | D98: N-DUCW1-CM1-SP-IF-CM_531WF2_FR | E98: CEMENT | F98: 1 | G98: dummy | H98: N | I98: Cement Mill | J98: Slag Weigh feeder, WF Feed Rate | K98: 60000 | L98: Other | M98: CM_531WF2_FR | N98: Cement Mill | O98: N-DUCW1-CM1-SP-IF-CM_531WF2_FR | Q98: ns=2;s=1:CM_531WF2_FR?Value | R98: d31de695-068b-494f-803d-7c97ecd921bc | S98: dummy | T98: opc.tcp://10.5.32.43:26080/ | U98: DH01 | V98: 60 | W98: CM_531WF2_FR | X98: ce59641e-a2fe-426c-a8b4-aa4e1b7b9da8
... A106: deg C | B106: PV | C106: DUCW | D106: N-DUCW1-CM1-T-PV-CM_561CM1_TT2 | E106: CEMENT | F106: 1 | G106: dummy | H106: N | I106: Cement Mill | J106: Cement Mill, Outlet Temperature (After Classifier) | K106: 60000 | L106: Temperature | M106: CM_561CM1_TT2 | N106: Cement Mill | O106: N-DUCW1-CM1-T-PV-CM_561CM1_TT2 | Q106: ns=2;s=1:CM_561CM1_TT2?Value | R106: ee55f9e5-2394-47a1-b3bb-047a48b8e559 | S106: dummy | T106: opc.tcp://10.5.32.43:26080/ | U106: DH01 | V106: 60 | W106: CM_561CM1_TT2 | X106: ce59641e-a2fe-426c-a8b4-aa4e1b7b9da8
A107: amp | B107: PV | C107: DUCW | D107: W-DUCW2-PP2-I-PV-PP2 _ 622BE1_M02_II | E107: CEMENT | F107: 2 | G107: Motor | H107: W | I107: Packing Plant | J107: INCHING DRIVE | M107: PP2 _ 622BE1_M02_II | N107: Packing Plant | O107: W-DUCW2-PP2-I-PV-PP2 _ 622BE1_M02_II | R107: 284e0e86-d81c-484a-a06d-76cac63fe291 | S107: PP-Drives | U107: DH01 | V107: 60 | W107: PP2 _ 622BE1_M02_II | X107: c57fc4e7-b3d8-42d3-a24c-c1e9b61aa1b1 | AD107: Current
A108: amp | B108: PV | C108: DUCW | D108: W-DUCW2-PP2-I-PV-PP2 _ 622FN1_II | E108: CEMENT | F108: 2 | G108: Motor | H108: W | I108: Packing Plant | J108: BAG FILTER FAN | M108: PP2 _ 622FN1_II | N108: Packing Plant | O108: W-DUCW2-PP2-I-PV-PP2 _ 622FN1_II | R108: 6871509a-c29b-41b2-a246-43afcb524db3 | S108: PP-Drives | U108: DH01 | V108: 60 | W108: PP2 _ 622FN1_II | X108: c57fc4e7-b3d8-42d3-a24c-c1e9b61aa1b1 | Z108: TBD | AA108: TBD | AD108: Current
A109: amp | B109: PV | C109: DUCW | D109: W-DUCW2-PP2-I-PV-PP2 _ 622VS1_II | E109: CEMENT | F109: 2 | G109: Motor | H109: W | I109: Packing Plant | J109: VIBRATING SCREEN SIZE 1400 X 3500 | M109: PP2 _ 622VS1_II | N109: Packing Plant | O109: W-DUCW2-PP2-I-PV-PP2 _ 622VS1_II | R109: 2ce0d302-7723-4485-8487-f7efed73fd54 | S109: PP-Drives | U109: DH01 | V109: 60 | W109: PP2 _ 622VS1_II | X109: c57fc4e7-b3d8-42d3-a24c-c1e9b61aa1b1 | Y109: 0 | Z109: TBD | AA109: TBD | AB109: 500 | AD109: Current
A110: amp | B110: PV | C110: DUCW | D110: W-DUCW2-PP2-I-PV-PP2 _ 642FN6_II | E110: CEMENT | F110: 2 | G110: Motor | H110: W | I110: Packing Plant | J110: HIGH PRESSURE FAN CAP: 14 M3/MIN. 80MBAR PRESSURE | M110: PP2 _ 642FN6_II | N110: Packing Plant | O110: W-DUCW2-PP2-I-PV-PP2 _ 642FN6_II | R110: 73403f30-8ee4-44a1-9860-7b4c019f8941 | S110: PP-Drives | U110: DH01 | V110: 60 | W110: PP2 _ 642FN6_II | X110: c57fc4e7-b3d8-42d3-a24c-c1e9b61aa1b1 | Z110: TBD | AA110: TBD | AD110: Current
A111: amp | B111: PV | C111: DUCW | D111: W-DUCW2-PP2-I-PV-PP2 _ 642FN7_II | E111: CEMENT | F111: 2 | G111: Motor | H111: W | I111: Packing Plant | J111: HIGH PRESSURE FAN CAP: 15 M3/MIN. 63MBAR PRESSURE | M111: PP2 _ 642FN7_II | N111: Packing Plant | O111: W-DUCW2-PP2-I-PV-PP2 _ 642FN7_II | R111: cb794451-87a3-4b22-b93e-1819d5e04911 | S111: PP-Drives | U111: DH01 | V111: 60 | W111: PP2 _ 642FN7_II | X111: c57fc4e7-b3d8-42d3-a24c-c1e9b61aa1b1 | AD111: Current
A112: amp | B112: PV | C112: DUCW | D112: W-DUCW2-PP2-I-PV-PP2 _ 642FNA_II | E112: CEMENT | F112: 2 | G112: Motor | H112: W | I112: Packing Plant | J112: HIGH PRESSURE FAN CAP: 15 M3/MIN. 63MBAR PRESSURE | M112: PP2 _ 642FNA_II | N112: Packing Plant | O112: W-DUCW2-PP2-I-PV-PP2 _ 642FNA_II | R112: 2113115d-a0c4-4be9-843d-8e04afc84ede | S112: PP-Drives | U112: DH01 | V112: 60 | W112: PP2 _ 642FNA_II | X112: c57fc4e7-b3d8-42d3-a24c-c1e9b61aa1b1 | AD112: Current
A113: amp | B113: PV | C113: DUCW | D113: W-DUCW2-PP2-I-PV-PP2 _ 642VS1_II | E113: CEMENT | F113: 2 | G113: Motor | H113: W | I113: Packing Plant | J113: VIBRATING SCREEN SIZE 1200 X 2500 | M113: PP2 _ 642VS1_II | N113: Packing Plant | O113: W-DUCW2-PP2-I-PV-PP2 _ 642VS1_II | R113: 9e512c28-b59d-4e4f-8801-1aeb85515fbf | S113: PP-Drives | U113: DH01 | V113: 60 | W113: PP2 _ 642VS1_II | X113: c57fc4e7-b3d8-42d3-a24c-c1e9b61aa1b1 | Y113: 0 | Z113: TBD | AA113: TBD | AB113: 500 | AD113: Current
A114: amp | B114: PV | C114: DUCW | D114: W-DUCW2-PP2-I-PV-PP2 _ 642VS2_II | E114: CEMENT | F114: 2 | G114: Motor | H114: W | I114: Packing Plant | J114: VIBRATING SCREEN SIZE 1200 X 2500 | M114: PP2 _ 642VS2_II | N114: Packing Plant | O114: W-DUCW2-PP2-I-PV-PP2 _ 642VS2_II | R114: 4c992280-ea6b-4aed-a842-fa9b487759c8 | S114: PP-Drives | U114: DH01 | V114: 60 | W114: PP2 _ 642VS2_II | X114: c57fc4e7-b3d8-42d3-a24c-c1e9b61aa1b1 | Y114: 0 | Z114: TBD | AA114: TBD | AB114: 500 | AD114: Current
A115: amp | B115: PV | C115: DUCW | D115: W-DUCW2-PP2-I-PV-PP2 _ 652BC1_II | E115: CEMENT | F115: 2 | G115: Motor | H115: W | I115: Packing Plant | J115: FLAT BELT CONVEYOR 68000 MM C/C. | M115: PP2 _ 652BC1_II | N115: Packing Plant | O115: W-DUCW2-PP2-I-PV-PP2 _ 652BC1_II | R115: 6cb5e8e4-73f1-4537-b028-53a933b51fc3 | S115: PP-Drives | U115: DH01 | V115: 60 | W115: PP2 _ 652BC1_II | X115: c57fc4e7-b3d8-42d3-a24c-c1e9b61aa1b1 | AD115: Current
A116: amp | B116: PV | C116: DUCW | D116: W-DUCW2-PP2-I-PV-PP2 _ 652BC5_II | E116: CEMENT | F116: 2 | G116: Motor | H116: W | I116: Packing Plant | J116: FLAT BELT CONVEYOR 37450 MM C/C. | M116: PP2 _ 652BC5_II | N116: Packing Plant | O116: W-DUCW2-PP2-I-PV-PP2 _ 652BC5_II | R116: f0c1363a-7ffb-451a-97ca-59868d03c034 | S116: PP-Drives | U116: DH01 | V116: 60 | W116: PP2 _ 652BC5_II | X116: c57fc4e7-b3d8-42d3-a24c-c1e9b61aa1b1 | AD116: Current
A117: amp | B117: PV | C117: DUCW | D117: W-DUCW2-PP2-I-PV-PP2 _ 652BC7_II | E117: CEMENT | F117: 2 | G117: Motor | H117: W | I117: Packing Plant | J117: FLAT BELT CONVEYOR 37450 MM C/C. | M117: PP2 _ 652BC7_II | N117: Packing Plant | O117: W-DUCW2-PP2-I-PV-PP2 _ 652BC7_II | R117: 80e637ef-4efd-4d70-91c1-0f656c91db57 | S117: PP-Drives | U117: DH01 | V117: 60 | W117: PP2 _ 652BC7_II | X117: c57fc4e7-b3d8-42d3-a24c-c1e9b61aa1b1 | AD117: Current
A118: amp | B118: PV | C118: DUCW | D118: W-DUCW2-PP2-I-PV-PP2 _ 652BC8_II | E118: CEMENT | F118: 2 | G118: Motor | H118: W | I118: Packing Plant | J118: FLAT BELT CONVEYOR 37450 MM C/C. | M118: PP2 _ 652BC8_II | N118: Packing Plant | O118: W-DUCW2-PP2-I-PV-PP2 _ 652BC8_II | R118: 1fa43cf1-65c1-466a-b6dc-5c5931ba6674 | S118: PP-Drives | U118: DH01 | V118: 60 | W118: PP2 _ 652BC8_II | X118: c57fc4e7-b3d8-42d3-a24c-c1e9b61aa1b1 | AD118: Current
A119: amp | B119: PV | C119: DUCW | D119: W-DUCW2-PP2-I-PV-PP2 _/HR642RA4_II | E119: CEMENT | F119: 2 | G119: Motor | H119: W | I119: Packing Plant | J119: ROTARY AIR LOCK BELOW BAG FILTER CAP. 30 000M3 | M119: PP2 _/HR642RA4_II | N119: Packing Plant | O119: W-DUCW2-PP2-I-PV-PP2 _/HR642RA4_II | R119: 91e02ab0-47ef-44b4-b890-13a3f79f0b7e | S119: PP-Drives | U119: DH01 | V119: 60 | W119: PP2 _/HR642RA4_II | X119: c57fc4e7-b3d8-42d3-a24c-c1e9b61aa1b1 | AD119: Current
A120: amp | B120: PV | C120: DUCW | D120: W-DUCW2-PP2-I-PV-PP2 _612BL1_II | E120: CEMENT | F120: 2 | G120: Motor | H120: W | I120: Packing Plant | J120: ROOTS BLOWER CAP 6.95 M3/MIN. PRESSURE 600MBAR SILO | M120: PP2 _612BL1_II | N120: Packing Plant | O120: W-DUCW2-PP2-I-PV-PP2 _612BL1_II | R120: 5c3b6ffc-7708-47fa-86b1-1c049fc1c032 | S120: PP-Drives | U120: DH01 | V120: 60 | W120: PP2 _612BL1_II | X120: c57fc4e7-b3d8-42d3-a24c-c1e9b61aa1b1 | Z120: TBD | AA120: TBD | AD120: Current
A121: amp | B121: PV | C121: DUCW | D121: W-DUCW2-PP2-I-PV-PP2 _612BL2_II | E121: CEMENT | F121: 2 | G121: Motor | H121: W | I121: Packing Plant | J121: ROOTS BLOWER CAP 6.95 M3/MIN. PRESSURE 600MBAR SILO STANDBY | M121: PP2 _612BL2_II | N121: Packing Plant | O121: W-DUCW2-PP2-I-PV-PP2 _612BL2_II | R121: b05e2999-d75f-4b05-9258-6991c776a961 | S121: PP-Drives | U121: DH01 | V121: 60 | W121: PP2 _612BL2_II | X121: c57fc4e7-b3d8-42d3-a24c-c1e9b61aa1b1 | Y121: 0 | Z121: TBD | AA121: TBD | AB121: 1 | AD121: Current
A122: amp | B122: PV | C122: DUCW | D122: W-DUCW2-PP2-I-PV-PP2 _612BL3_II | E122: CEMENT | F122: 2 | G122: Motor | H122: W | I122: Packing Plant | J122: ROOTS BLOWER CAP. 5.0 M3/MIN. PRESSURE 400MBAR BIN | M122: PP2 _612BL3_II | N122: Packing Plant | O122: W-DUCW2-PP2-I-PV-PP2 _612BL3_II | R122: f1750a08-4781-4b3b-90da-83ce4ea8e5ea | S122: PP-Drives | U122: DH01 | V122: 60 | W122: PP2 _612BL3_II | X122: c57fc4e7-b3d8-42d3-a24c-c1e9b61aa1b1 | Y122: 0 | Z122: TBD | AA122: TBD | AB122: 1000 | AD122: Current
A123: amp | B123: PV | C123: DUCW | D123: W-DUCW2-PP2-I-PV-PP2 _612BL4_II | E123: CEMENT | F123: 2 | G123: Motor | H123: W | I123: Packing Plant | J123: ROOTS BLOWER CAP. 5.0 M3/MIN. PRESSURE 400MBAR BIN STANDBY | M123: PP2 _612BL4_II | N123: Packing Plant | O123: W-DUCW2-PP2-I-PV-PP2 _612BL4_II | R123: a11b055e-99c9-429b-bb3b-6c5f92217a47 | S123: PP-Drives | U123: DH01 | V123: 60 | W123: PP2 _612BL4_II | X123: c57fc4e7-b3d8-42d3-a24c-c1e9b61aa1b1 | AD123: Current
A124: amp | B124: PV | C124: DUCW | D124: W-DUCW2-PP2-I-PV-PP2 _612FN2_II | E124: CEMENT | F124: 2 | G124: Motor | H124: W | I124: Packing Plant | J124: HIGH PRESSURE FAN 30.0 M3/MIN | M124: PP2 _612FN2_II | N124: Packing Plant | O124: W-DUCW2-PP2-I-PV-PP2 _612FN2_II | R124: 13a7a000-b233-4230-b4e6-f6bcc57e530e | S124: PP-Drives | U124: DH01 | V124: 60 | W124: PP2 _612FN2_II | X124: c57fc4e7-b3d8-42d3-a24c-c1e9b61aa1b1 | AD124: Current
A125: amp | B125: PV | C125: DUCW | D125: W-DUCW2-PP2-I-PV-PP2 _612FN3_II | E125: CEMENT | F125: 2 | G125: Motor | H125: W | I125: Packing Plant | J125: HIGH PRESSURE FAN 30.0 M3/MIN | M125: PP2 _612FN3_II | N125: Packing Plant | O125: W-DUCW2-PP2-I-PV-PP2 _612FN3_II | R125: 75a24f44-d20d-4786-9677-76197d7b720f | S125: PP-Drives | U125: DH01 | V125: 60 | W125: PP2 _612FN3_II | X125: c57fc4e7-b3d8-42d3-a24c-c1e9b61aa1b1 | AD125: Current
A126: amp | B126: PV | C126: DUCW | D126: W-DUCW2-PP2-I-PV-PP2 _612FN4_II | E126: CEMENT | F126: 2 | G126: Motor | H126: W | I126: Packing Plant | J126: FAN FOR SILO CONE VENTING 180 M3/MIN | M126: PP2 _612FN4_II | N126: Packing Plant | O126: W-DUCW2-PP2-I-PV-PP2 _612FN4_II | R126: a00a82f7-9c98-4d54-87a6-1d5196bffa3c | S126: PP-Drives | U126: DH01 | V126: 60 | W126: PP2 _612FN4_II | X126: c57fc4e7-b3d8-42d3-a24c-c1e9b61aa1b1 | AD126: Current
A127: amp | B127: PV | C127: DUCW | D127: W-DUCW2-PP2-I-PV-PP2 _612FN5_II | E127: CEMENT | F127: 2 | G127: Motor | H127: W | I127: Packing Plant | J127: HIGH PRESSURE FAN 30.0 M3/MIN | M127: PP2 _612FN5_II | N127: Packing Plant | O127: W-DUCW2-PP2-I-PV-PP2 _612FN5_II | R127: 8f1f6cf8-6d52-49df-a8ee-7be9f3352cab | S127: PP-Drives | U127: DH01 | V127: 60 | W127: PP2 _612FN5_II | X127: c57fc4e7-b3d8-42d3-a24c-c1e9b61aa1b1 | AD127: Current
A128: amp | B128: PV | C128: DUCW | D128: W-DUCW2-PP2-I-PV-PP2 _612FN6_II | E128: CEMENT | F128: 2 | G128: Motor | H128: W | I128: Packing Plant | J128: HIGH PRESSURE FAN 20.0 M3/MIN | M128: PP2 _612FN6_II | N128: Packing Plant | O128: W-DUCW2-PP2-I-PV-PP2 _612FN6_II | R128: 5653fee0-4e24-4d94-b8d7-c44bbe67532c | S128: PP-Drives | U128: DH01 | V128: 60 | W128: PP2 _612FN6_II | X128: c57fc4e7-b3d8-42d3-a24c-c1e9b61aa1b1 | AD128: Current
A129: amp | B129: PV | C129: DUCW | D129: W-DUCW2-PP2-I-PV-PP2 _612FN7_II | E129: CEMENT | F129: 2 | G129: Motor | H129: W | I129: Packing Plant | J129: HIGH PRESSURE FAN 35.0 M3/MIN612FN7 | M129: PP2 _612FN7_II | N129: Packing Plant | O129: W-DUCW2-PP2-I-PV-PP2 _612FN7_II | R129: f20290d0-8640-46d3-b4d5-2f2c2fdf2552 | S129: PP-Drives | U129: DH01 | V129: 60 | W129: PP2 _612FN7_II | X129: c57fc4e7-b3d8-42d3-a24c-c1e9b61aa1b1 | AD129: Current
A130: amp | B130: PV | C130: DUCW | D130: W-DUCW2-PP2-I-PV-PP2 _612FN8_II | E130: CEMENT | F130: 2 | G130: Motor | H130: W | I130: Packing Plant | J130: HIGH PRESSURE FAN 35.0 M3/MIN STANDBY612FN8 | M130: PP2 _612FN8_II | N130: Packing Plant | O130: W-DUCW2-PP2-I-PV-PP2 _612FN8_II | R130: 7eaba1b9-0b73-4422-ac92-c47d9bfd7ae4 | S130: PP-Drives | U130: DH01 | V130: 60 | W130: PP2 _612FN8_II | X130: c57fc4e7-b3d8-42d3-a24c-c1e9b61aa1b1 | AD130: Current
A131: amp | B131: PV | C131: DUCW | D131: W-DUCW2-PP2-I-PV-PP2 _612FN9_II | E131: CEMENT | F131: 2 | G131: Motor | H131: W | I131: Packing Plant | J131: HIGH PRESSURE FAN 25.0 M3/MIN | M131: PP2 _612FN9_II | N131: Packing Plant | O131: W-DUCW2-PP2-I-PV-PP2 _612FN9_II | R131: 4033e7dc-f8ab-44c6-92d6-f28c1a8167b0 | S131: PP-Drives | U131: DH01 | V131: 60 | W131: PP2 _612FN9_II | X131: c57fc4e7-b3d8-42d3-a24c-c1e9b61aa1b1 | AD131: Current
A132: amp | B132: PV | C132: DUCW | D132: W-DUCW2-PP2-I-PV-PP2 _612FNA_II | E132: CEMENT | F132: 2 | G132: Motor | H132: W | I132: Packing Plant | J132: HIGH PRESSURE FAN 30.0 M3/MIN STANDBY | M132: PP2 _612FNA_II | N132: Packing Plant | O132: W-DUCW2-PP2-I-PV-PP2 _612FNA_II | R132: a2877f36-6fa7-4b20-a106-21060835ae69 | S132: PP-Drives | U132: DH01 | V132: 60 | W132: PP2 _612FNA_II | X132: c57fc4e7-b3d8-42d3-a24c-c1e9b61aa1b1 | AD132: Current
A133: amp | B133: PV | C133: DUCW | D133: W-DUCW2-PP2-I-PV-PP2 _612FNB_II | E133: CEMENT | F133: 2 | G133: Motor | H133: W | I133: Packing Plant | J133: HIGH PRESSURE FAN 25.0 M3/MIN | M133: PP2 _612FNB_II | N133: Packing Plant | O133: W-DUCW2-PP2-I-PV-PP2 _612FNB_II | R133: f6d1b86a-5675-46cd-ace6-e851d9d5f784 | S133: PP-Drives | U133: DH01 | V133: 60 | W133: PP2 _612FNB_II | X133: c57fc4e7-b3d8-42d3-a24c-c1e9b61aa1b1 | AD133: Current
A134: amp | B134: PV | C134: DUCW | D134: W-DUCW2-PP2-I-PV-PP2 _612FNC_II | E134: CEMENT | F134: 2 | G134: Motor | H134: W | I134: Packing Plant | J134: HIGH PRESSURE FAN 25.0 M3/MIN | M134: PP2 _612FNC_II | N134: Packing Plant | O134: W-DUCW2-PP2-I-PV-PP2 _612FNC_II | R134: 985d33fe-36e6-4bce-a9ed-ab361777efbb | S134: PP-Drives | U134: DH01 | V134: 60 | W134: PP2 _612FNC_II | X134: c57fc4e7-b3d8-42d3-a24c-c1e9b61aa1b1 | AD134: Current
... A143: amp | B143: PV | C143: DUCW | D143: W-DUCW2-PP2-I-PV-PP2 _612FNP_II | E143: CEMENT | F143: 2 | G143: Motor | H143: W | I143: Packing Plant | J143: FAN FOR BAG FILTER 1725 M3/HR612FNP | M143: PP2 _612FNP_II | N143: Packing Plant | O143: W-DUCW2-PP2-I-PV-PP2 _612FNP_II | R143: 348b56b6-d632-426a-ab5c-a915c0c67945 | S143: PP-Drives | U143: DH01 | V143: 60 | W143: PP2 _612FNP_II | X143: c57fc4e7-b3d8-42d3-a24c-c1e9b61aa1b1 | AD143: Current
A144: amp | B144: PV | C144: DUCW | D144: W-DUCW2-PP2-I-PV-PP2 _612HR1_II | E144: CEMENT | F144: 2 | G144: Motor | H144: W | I144: Packing Plant | J144: AIR HEATER FOR R.B. CAP. 6.95M3/MIN FOR WORKING LINE SILO | M144: PP2 _612HR1_II | N144: Packing Plant | O144: W-DUCW2-PP2-I-PV-PP2 _612HR1_II | R144: c1751d81-d99a-4e2a-a29f-bf2cbe841910 | S144: PP-Drives | U144: DH01 | V144: 60 | W144: PP2 _612HR1_II | X144: c57fc4e7-b3d8-42d3-a24c-c1e9b61aa1b1 | Z144: TBD | AA144: TBD | AD144: Current
A145: amp | B145: PV | C145: DUCW | D145: W-DUCW2-PP2-I-PV-PP2 _612HR2_II | E145: CEMENT | F145: 2 | G145: Motor | H145: W | I145: Packing Plant | J145: AIR HEATER FOR R.B. CAP. 5.0 M3/MIN FOR WORKING LINE BIN | M145: PP2 _612HR2_II | N145: Packing Plant | O145: W-DUCW2-PP2-I-PV-PP2 _612HR2_II | R145: 3bcf2e7d-3d54-4098-bd8d-54e96a41feec | S145: PP-Drives | U145: DH01 | V145: 60 | W145: PP2 _612HR2_II | X145: c57fc4e7-b3d8-42d3-a24c-c1e9b61aa1b1 | Y145: 0 | Z145: TBD | AA145: TBD | AB145: 1 | AD145: Current
A146: amp | B146: PV | C146: DUCW | D146: W-DUCW2-PP2-I-PV-PP2 _612RA1_II | E146: CEMENT | F146: 2 | G146: Motor | H146: W | I146: Packing Plant | J146: ROTARY AIR LOCK | M146: PP2 _612RA1_II | N146: Packing Plant | O146: W-DUCW2-PP2-I-PV-PP2 _612RA1_II | R146: 33fc0856-faaf-47b6-8b6d-ed15e9300910 | S146: PP-Drives | U146: DH01 | V146: 60 | W146: PP2 _612RA1_II | X146: c57fc4e7-b3d8-42d3-a24c-c1e9b61aa1b1 | Y146: 0 | Z146: TBD | AA146: TBD | AB146: 1000 | AD146: Current
A147: amp | B147: PV | C147: DUCW | D147: W-DUCW2-PP2-I-PV-PP2 _612SM1_II | E147: CEMENT | F147: 2 | G147: Motor | H147: W | I147: Packing Plant | J147: MOTORIZED SCREW SAMPLER DIA. 400 | M147: PP2 _612SM1_II | N147: Packing Plant | O147: W-DUCW2-PP2-I-PV-PP2 _612SM1_II | R147: f53c0a30-d637-407c-b865-8d9fb0229b29 | S147: PP-Drives | U147: DH01 | V147: 60 | W147: PP2 _612SM1_II | X147: c57fc4e7-b3d8-42d3-a24c-c1e9b61aa1b1 | Y147: 0 | Z147: TBD | AA147: TBD | AB147: 500 | AD147: Current
A148: amp | B148: PV | C148: DUCW | D148: W-DUCW2-PP2-I-PV-PP2 _622BE1_M01_II | E148: CEMENT | F148: 2 | G148: Motor | H148: W | I148: Packing Plant | J148: BELT BUCKET ELEVATOR CAP.= 300 TPH MAIN DRIVE | M148: PP2 _622BE1_M01_II | N148: Packing Plant | O148: W-DUCW2-PP2-I-PV-PP2 _622BE1_M01_II | R148: e5dd5a0e-b720-4b66-9c07-a4a2553db9f8 | S148: PP-Drives | U148: DH01 | V148: 60 | W148: PP2 _622BE1_M01_II | X148: c57fc4e7-b3d8-42d3-a24c-c1e9b61aa1b1 | AD148: Current
A149: amp | B149: PV | C149: DUCW | D149: W-DUCW2-PP2-I-PV-PP2 _622BL1_II | E149: CEMENT | F149: 2 | G149: Motor | H149: W | I149: Packing Plant | J149: ROOTS BLOWER CAP. 4M3/MIN. PRESSURE 600MBAR | M149: PP2 _622BL1_II | N149: Packing Plant | O149: W-DUCW2-PP2-I-PV-PP2 _622BL1_II | R149: 4716fb92-fd50-4422-ab80-f66872c469a5 | S149: PP-Drives | U149: DH01 | V149: 60 | W149: PP2 _622BL1_II | X149: c57fc4e7-b3d8-42d3-a24c-c1e9b61aa1b1 | Y149: 0 | Z149: TBD | AA149: TBD | AB149: 1000 | AD149: Current
A150: amp | B150: PV | C150: DUCW | D150: W-DUCW2-PP2-I-PV-PP2 _622BL2_II | E150: CEMENT | F150: 2 | G150: Motor | H150: W | I150: Packing Plant | J150: ROOTS BLOWER CAP. 4M3/MIN. PRESSURE 600MBAR STANDBY | M150: PP2 _622BL2_II | N150: Packing Plant | O150: W-DUCW2-PP2-I-PV-PP2 _622BL2_II | R150: a0575050-a22c-4ef1-b9f6-786bb8d8a16c | S150: PP-Drives | U150: DH01 | V150: 60 | W150: PP2 _622BL2_II | X150: c57fc4e7-b3d8-42d3-a24c-c1e9b61aa1b1 | Y150: 0 | Z150: TBD | AA150: TBD | AB150: 1000 | AD150: Current
A151: amp | B151: PV | C151: DUCW | D151: W-DUCW2-PP2-I-PV-PP2 _622FN3_II | E151: CEMENT | F151: 2 | G151: Motor | H151: W | I151: Packing Plant | J151: HIGH PRESSURE FAN CAP: 25 M3/MIN. 63MBAR PRESSURE | M151: PP2 _622FN3_II | N151: Packing Plant | O151: W-DUCW2-PP2-I-PV-PP2 _622FN3_II | R151: 49e06c12-bf4e-4e86-be23-45cedc8d70a8 | S151: PP-Drives | U151: DH01 | V151: 60 | W151: PP2 _622FN3_II | X151: c57fc4e7-b3d8-42d3-a24c-c1e9b61aa1b1 | AD151: Current
A152: amp | B152: PV | C152: DUCW | D152: W-DUCW2-PP2-I-PV-PP2 _622FN4_II | E152: CEMENT | F152: 2 | G152: Motor | H152: W | I152: Packing Plant | J152: HIGH PRESSURE FAN CAP: 25 M3/MIN 63MBAR PRESSURE STANDBY | M152: PP2 _622FN4_II | N152: Packing Plant | O152: W-DUCW2-PP2-I-PV-PP2 _622FN4_II | R152: e0e0c351-0a56-4fe9-a0ce-81e0b5b378c0 | S152: PP-Drives | U152: DH01 | V152: 60 | W152: PP2 _622FN4_II | X152: c57fc4e7-b3d8-42d3-a24c-c1e9b61aa1b1 | AD152: Current
A153: amp | B153: PV | C153: DUCW | D153: W-DUCW2-PP2-I-PV-PP2 _622FN5_II | E153: CEMENT | F153: 2 | G153: Motor | H153: W | I153: Packing Plant | J153: HIGH PRESSURE FAN CAP: 25 M3/MIN. 63MBAR PRESSURE | M153: PP2 _622FN5_II | N153: Packing Plant | O153: W-DUCW2-PP2-I-PV-PP2 _622FN5_II | R153: ede61ccb-e018-46e9-b53d-727c837091b3 | S153: PP-Drives | U153: DH01 | V153: 60 | W153: PP2 _622FN5_II | X153: c57fc4e7-b3d8-42d3-a24c-c1e9b61aa1b1 | AD153: Current
A154: amp | B154: PV | C154: DUCW | D154: W-DUCW2-PP2-I-PV-PP2 _622FN6_II | E154: CEMENT | F154: 2 | G154: Motor | H154: W | I154: Packing Plant | J154: HIGH PRESSURE FAN CAP: 25 M3/MIN. 63MBAR PRESSURE | M154: PP2 _622FN6_II | N154: Packing Plant | O154: W-DUCW2-PP2-I-PV-PP2 _622FN6_II | R154: ecc465a4-ab7a-42ae-94de-d970daca8cee | S154: PP-Drives | U154: DH01 | V154: 60 | W154: PP2 _622FN6_II | X154: c57fc4e7-b3d8-42d3-a24c-c1e9b61aa1b1 | AD154: Current
A155: amp | B155: PV | C155: DUCW | D155: W-DUCW2-PP2-I-PV-PP2 _622FN7_II | E155: CEMENT | F155: 2 | G155: Motor | H155: W | I155: Packing Plant | J155: HIGH PRESSURE FAN CAP: 15 M3/MIN. 63MBAR PRESSURE | M155: PP2 _622FN7_II | N155: Packing Plant | O155: W-DUCW2-PP2-I-PV-PP2 _622FN7_II | R155: 7586c379-ab69-4ab6-97dc-04542ffaefd1 | S155: PP-Drives | U155: DH01 | V155: 60 | W155: PP2 _622FN7_II | X155: c57fc4e7-b3d8-42d3-a24c-c1e9b61aa1b1 | AD155: Current
A156: amp | B156: PV | C156: DUCW | D156: W-DUCW2-PP2-I-PV-PP2 _622HR1_II | E156: CEMENT | F156: 2 | G156: Motor | H156: W | I156: Packing Plant | J156: AIR HEATER FOR WORKING ROOTS BLOWER BIN | M156: PP2 _622HR1_II | N156: Packing Plant | O156: W-DUCW2-PP2-I-PV-PP2 _622HR1_II | R156: 0e31dec3-2b20-4761-9641-e807c253dac7 | S156: PP-Drives | U156: DH01 | V156: 60 | W156: PP2 _622HR1_II | X156: c57fc4e7-b3d8-42d3-a24c-c1e9b61aa1b1 | AD156: Current
A157: amp | B157: PV | C157: DUCW | D157: W-DUCW2-PP2-I-PV-PP2 _622RA1_II | E157: CEMENT | F157: 2 | G157: Motor | H157: W | I157: Packing Plant | J157: ROTARY AIR LOCK | M157: PP2 _622RA1_II | N157: Packing Plant | O157: W-DUCW2-PP2-I-PV-PP2 _622RA1_II | R157: 20804bcd-e677-46f1-8c4b-e1003d46cb42 | S157: PP-Drives | U157: DH01 | V157: 60 | W157: PP2 _622RA1_II | X157: c57fc4e7-b3d8-42d3-a24c-c1e9b61aa1b1 | AD157: Current
A158: amp | B158: PV | C158: DUCW | D158: W-DUCW2-PP2-I-PV-PP2 _622RA2_II | E158: CEMENT | F158: 2 | G158: Motor | H158: W | I158: Packing Plant | J158: ROTARY AIR LOCK | M158: PP2 _622RA2_II | N158: Packing Plant | O158: W-DUCW2-PP2-I-PV-PP2 _622RA2_II | R158: 68b6a46d-195c-4e50-9238-0c0f58e509d7 | S158: PP-Drives | U158: DH01 | V158: 60 | W158: PP2 _622RA2_II | X158: c57fc4e7-b3d8-42d3-a24c-c1e9b61aa1b1 | AD158: Current
A159: amp | B159: PV | C159: DUCW | D159: W-DUCW2-PP2-I-PV-PP2 _642BCD1_II | E159: CEMENT | F159: 2 | G159: Motor | H159: W | I159: Packing Plant | J159: BAG CLEANING DEVICE | M159: PP2 _642BCD1_II | N159: Packing Plant | O159: W-DUCW2-PP2-I-PV-PP2 _642BCD1_II | R159: 90893cb1-505b-4d2b-a323-fc98d281dcb2 | S159: PP-Drives | U159: DH01 | V159: 60 | W159: PP2 _642BCD1_II | X159: c57fc4e7-b3d8-42d3-a24c-c1e9b61aa1b1 | Y159: 0 | Z159: TBD | AA159: TBD | AB159: 500 | AD159: Current
...

Sheet DUCW
M1: Tag Name | N1: Section | O1: Tag UID | P1: Line
M2: CM2_532WF1_FR | N2: Cement Mill-2 | O2: W-DUCW2-CM2-F-PV-CM2_532WF1_FR | P2: 2
M3: CM2_532WF2_FR | N3: Cement Mill-2 | O3: W-DUCW2-CM2-F-PV-CM2_532WF2_FR | P3: 2
M4: CM2_532WF3_FR | N4: Cement Mill-2 | O4: W-DUCW2-CM2-F-PV-CM2_532WF3_FR | P4: 2
M5: CM2_532FN1_II | N5: Cement Mill-2 | O5: W-DUCW2-CM2-I-PV-CM2_532FN1_II | P5: 2
M6: CM2_532MS1_II | N6: Cement Mill-2 | O6: W-DUCW2-CM2-I-PV-CM2_532MS1_II | P6: 2
M7: CM2_532WF1_II | N7: Cement Mill-2 | O7: W-DUCW2-CM2-I-PV-CM2_532WF1_II | P7: 2
M8: CM2_532WF2_II | N8: Cement Mill-2 | O8: W-DUCW2-CM2-I-PV-CM2_532WF2_II | P8: 2
M9: CM2_532WF3_II | N9: Cement Mill-2 | O9: W-DUCW2-CM2-I-PV-CM2_532WF3_II | P9: 2
M10: CM2_532BF1_DPT | N10: Cement Mill-2 | O10: W-DUCW2-CM2-P-PV-CM2_532BF1_DPT | P10: 2
M11: CM2_532BF1_PT | N11: Cement Mill-2 | O11: W-DUCW2-CM2-P-PV-CM2_532BF1_PT | P11: 2
M12: CM2_532FN1_SI | N12: Cement Mill-2 | O12: W-DUCW2-CM2-R-PV-CM2_532FN1_SI | P12: 2
M13: CM2_532WF1_SI | N13: Cement Mill-2 | O13: W-DUCW2-CM2-R-PV-CM2_532WF1_SI | P13: 2
... M86: CM2_532WF3_WI | N86: Cement Mill-2 | O86: W-DUCW2-CM2-WE-PV-CM2_532WF3_WI | P86: 2
M87: CM_561BW1_FR | N87: Cement Mill | O87: N-DUCW1-CM1-F-PV-CM_561BW1_FR | P87: 1
M88: CM_TOTAL_FEED_ACT | N88: Cement Mill | O88: N-DUCW1-CM1-F-PV-CM_TOTAL_FEED_ACT | P88: 1
M89: CM_591BE1_M01II_B | N89: Cement Mill | O89: N-DUCW1-CM1-I-OP-CM_591BE1_M01II_B | P89: 1
M90: CM_561HT1_S01AI01 | N90: Cement Mill | O90: N-DUCW1-CM1-L-PV-CM_561HT1_S01AI01 | P90: 1
M91: CM_611SB1_LT1 | N91: Cement Mill | O91: N-DUCW1-CM1-L-SV-CM_611SB1_LT1 | P91: 1
M92: CM_611SB1_LT2 | N92: Cement Mill | O92: N-DUCW1-CM1-L-SV-CM_611SB1_LT2 | P92: 1
M93: CM_611SB1_LT3 | N93: Cement Mill | O93: N-DUCW1-CM1-L-SV-CM_611SB1_LT3 | P93: 1
M94: CM_561MRV5000GRND_PR | N94: Cement Mill | O94: N-DUCW1-CM1-P-PC-CM_561MRV5000GRND_PR | P94: 1
M95: CM_561FN3_SI | N95: Cement Mill | O95: N-DUCW1-CM1-R-PC-CM_561FN3_SI | P95: 1
M96: CM_561SR1_SI | N96: Cement Mill | O96: N-DUCW1-CM1-R-PC-CM_561SR1_SI | P96: 1
M97: CM_531WF1_FR | N97: Cement Mill | O97: N-DUCW1-CM1-SP-IF-CM_531WF1_FR | P97: 1
M98: CM_531WF2_FR | N98: Cement Mill | O98: N-DUCW1-CM1-SP-IF-CM_531WF2_FR | P98: 1
... M106: CM_561CM1_TT2 | N106: Cement Mill | O106: N-DUCW1-CM1-T-PV-CM_561CM1_TT2 | P106: 1
M107: PP2 _ 622BE1_M02_II | N107: Packing Plant | O107: W-DUCW2-PP2-I-PV-PP2 _ 622BE1_M02_II | P107: 2
M108: PP2 _ 622FN1_II | N108: Packing Plant | O108: W-DUCW2-PP2-I-PV-PP2 _ 622FN1_II | P108: 2
M109: PP2 _ 622VS1_II | N109: Packing Plant | O109: W-DUCW2-PP2-I-PV-PP2 _ 622VS1_II | P109: 2
M110: PP2 _ 642FN6_II | N110: Packing Plant | O110: W-DUCW2-PP2-I-PV-PP2 _ 642FN6_II | P110: 2
M111: PP2 _ 642FN7_II | N111: Packing Plant | O111: W-DUCW2-PP2-I-PV-PP2 _ 642FN7_II | P111: 2
M112: PP2 _ 642FNA_II | N112: Packing Plant | O112: W-DUCW2-PP2-I-PV-PP2 _ 642FNA_II | P112: 2
M113: PP2 _ 642VS1_II | N113: Packing Plant | O113: W-DUCW2-PP2-I-PV-PP2 _ 642VS1_II | P113: 2
M114: PP2 _ 642VS2_II | N114: Packing Plant | O114: W-DUCW2-PP2-I-PV-PP2 _ 642VS2_II | P114: 2
M115: PP2 _ 652BC1_II | N115: Packing Plant | O115: W-DUCW2-PP2-I-PV-PP2 _ 652BC1_II | P115: 2
M116: PP2 _ 652BC5_II | N116: Packing Plant | O116: W-DUCW2-PP2-I-PV-PP2 _ 652BC5_II | P116: 2
M117: PP2 _ 652BC7_II | N117: Packing Plant | O117: W-DUCW2-PP2-I-PV-PP2 _ 652BC7_II | P117: 2
M118: PP2 _ 652BC8_II | N118: Packing Plant | O118: W-DUCW2-PP2-I-PV-PP2 _ 652BC8_II | P118: 2
... M2891: MH2_492RU3_RUN | N2891: Bulk Loading | O2891: W-DUCW2-CM2-ST-SV-MH2_492RU3_RUN | P2891: 2

Sheet BallMill
A1: Tags | B1: Section | C1: Tag UID
A2: CM2_WTR_SYS_LT1 | B2: =VLOOKUP(A:A,'DUCW-1'!M:O,2,) -> Cement Mill-1 | C2: =VLOOKUP(A:A,'DUCW-1'!M:O,3,) -> W-DUCW2-CM2-L-PV-CM2_WTR_SYS_LT1
A3: CM2_WTR_SYS_LT2 | B3: =VLOOKUP(A:A,'DUCW-1'!M:O,2,) -> Cement Mill-1 | C3: =VLOOKUP(A:A,'DUCW-1'!M:O,3,) -> W-DUCW2-CM2-L-PV-CM2_WTR_SYS_LT2
A4: CM2_WTR_SYS_LT3 | B4: =VLOOKUP(A:A,'DUCW-1'!M:O,2,) -> Cement Mill-1 | C4: =VLOOKUP(A:A,'DUCW-1'!M:O,3,) -> W-DUCW2-CM2-L-PV-CM2_WTR_SYS_LT3
A5: CM2_562LQ5_FT1 | B5: =VLOOKUP(A:A,'DUCW-1'!M:O,2,) -> Cement Mill-1 | C5: =VLOOKUP(A:A,'DUCW-1'!M:O,3,) -> W-DUCW2-CM2-F-PV-CM2_562LQ5_FT1
A6: CM2_562LQ5_FT2 | B6: =VLOOKUP(A:A,'DUCW-1'!M:O,2,) -> Cement Mill-1 | C6: =VLOOKUP(A:A,'DUCW-1'!M:O,3,) -> W-DUCW2-CM2-F-PV-CM2_562LQ5_FT2
A7: CM2_562LQ5_FT3 | B7: =VLOOKUP(A:A,'DUCW-1'!M:O,2,) -> Cement Mill-1 | C7: =VLOOKUP(A:A,'DUCW-1'!M:O,3,) -> W-DUCW2-CM2-F-PV-CM2_562LQ5_FT3
A8: CM2_562LQ5_PT2 | B8: =VLOOKUP(A:A,'DUCW-1'!M:O,2,) -> Cement Mill-1 | C8: =VLOOKUP(A:A,'DUCW-1'!M:O,3,) -> W-DUCW2-CM2-P-PV-CM2_562LQ5_PT2
A9: CM2_562LQ5_PT3 | B9: =VLOOKUP(A:A,'DUCW-1'!M:O,2,) -> Cement Mill-1 | C9: =VLOOKUP(A:A,'DUCW-1'!M:O,3,) -> W-DUCW2-CM2-P-PV-CM2_562LQ5_PT3
A10: CM2_562LQ6_FT1 | B10: =VLOOKUP(A:A,'DUCW-1'!M:O,2,) -> Cement Mill-1 | C10: =VLOOKUP(A:A,'DUCW-1'!M:O,3,) -> W-DUCW2-CM2-F-PV-CM2_562LQ6_FT1
A11: CM2_562LQ6_FT2 | B11: =VLOOKUP(A:A,'DUCW-1'!M:O,2,) -> Cement Mill-1 | C11: =VLOOKUP(A:A,'DUCW-1'!M:O,3,) -> W-DUCW2-CM2-F-PV-CM2_562LQ6_FT2
A12: CM2_562LQ6_FT3 | B12: =VLOOKUP(A:A,'DUCW-1'!M:O,2,) -> Cement Mill-1 | C12: =VLOOKUP(A:A,'DUCW-1'!M:O,3,) -> W-DUCW2-CM2-F-PV-CM2_562LQ6_FT3
A13: CM2_562LQ6_FT4 | B13: =VLOOKUP(A:A,'DUCW-1'!M:O,2,) -> Cement Mill-1 | C13: =VLOOKUP(A:A,'DUCW-1'!M:O,3,) -> W-DUCW2-CM2-F-PV-CM2_562LQ6_FT4
... A171: CM2_562LQ9_H02_PH | B171: =VLOOKUP(A:A,'DUCW-1'!M:O,2,) -> #N/A | C171: =VLOOKUP(A:A,'DUCW-1'!M:O,3,) -> #N/A

Sheet BulkLoading
A1: Tags | B1: Section | C1: Tag UID
A2: PP2_622RA1 | B2: =VLOOKUP(A:A,'DUCW-1'!M:O,2,) -> #N/A | C2: =VLOOKUP(A:A,'DUCW-1'!M:O,3,) -> #N/A
A3: PP2_622RA2 | B3: =VLOOKUP(A:A,'DUCW-1'!M:O,2,) -> #N/A | C3: =VLOOKUP(A:A,'DUCW-1'!M:O,3,) -> #N/A
A4: PP2_622BE1_TS | B4: =VLOOKUP(A:A,'DUCW-1'!M:O,2,) -> Packing Plant | C4: =VLOOKUP(A:A,'DUCW-1'!M:O,3,) -> W-DUCW2-PP2-ST-SV-PP2_622BE1_TS
A5: PP2_622BE1_ZS | B5: =VLOOKUP(A:A,'DUCW-1'!M:O,2,) -> Packing Plant | C5: =VLOOKUP(A:A,'DUCW-1'!M:O,3,) -> W-DUCW2-PP2-ST-SV-PP2_622BE1_ZS
A6: PP2_622BE1_BMS1 | B6: =VLOOKUP(A:A,'DUCW-1'!M:O,2,) -> Packing Plant | C6: =VLOOKUP(A:A,'DUCW-1'!M:O,3,) -> W-DUCW2-PP2-ST-SV-PP2_622BE1_BMS1
A7: PP2_622BE1_BMS2 | B7: =VLOOKUP(A:A,'DUCW-1'!M:O,2,) -> Packing Plant | C7: =VLOOKUP(A:A,'DUCW-1'!M:O,3,) -> W-DUCW2-PP2-ST-SV-PP2_622BE1_BMS2
A8: PP2_622BE1_BSS1 | B8: =VLOOKUP(A:A,'DUCW-1'!M:O,2,) -> Packing Plant | C8: =VLOOKUP(A:A,'DUCW-1'!M:O,3,) -> W-DUCW2-PP2-ST-SV-PP2_622BE1_BSS1
A9: PP2_622BE1_BSS1_ALM | B9: =VLOOKUP(A:A,'DUCW-1'!M:O,2,) -> Packing Plant | C9: =VLOOKUP(A:A,'DUCW-1'!M:O,3,) -> W-DUCW2-PP2-ST-SV-PP2_622BE1_BSS1_ALM
A10: PP2_622BE1_BSS2 | B10: =VLOOKUP(A:A,'DUCW-1'!M:O,2,) -> Packing Plant | C10: =VLOOKUP(A:A,'DUCW-1'!M:O,3,) -> W-DUCW2-PP2-ST-SV-PP2_622BE1_BSS2
A11: PP2_622BE1_BSS2_ALM | B11: =VLOOKUP(A:A,'DUCW-1'!M:O,2,) -> Packing Plant | C11: =VLOOKUP(A:A,'DUCW-1'!M:O,3,) -> W-DUCW2-PP2-ST-SV-PP2_622BE1_BSS2_ALM
A12: PP2_622BE1_BSS3 | B12: =VLOOKUP(A:A,'DUCW-1'!M:O,2,) -> Packing Plant | C12: =VLOOKUP(A:A,'DUCW-1'!M:O,3,) -> W-DUCW2-PP2-ST-SV-PP2_622BE1_BSS3
A13: PP2_622BE1_BSS3_ALM | B13: =VLOOKUP(A:A,'DUCW-1'!M:O,2,) -> Packing Plant | C13: =VLOOKUP(A:A,'DUCW-1'!M:O,3,) -> W-DUCW2-PP2-ST-SV-PP2_622BE1_BSS3_ALM
... A116: 622BK1 | B116: =VLOOKUP(A:A,'DUCW-1'!M:O,2,) -> #N/A | C116: =VLOOKUP(A:A,'DUCW-1'!M:O,3,) -> #N/A

Sheet CementMillRollerPress
A1: Tags | B1: Section | C1: Tag UID
A2: CM2_562BM1_EA1 | B2: =VLOOKUP(A:A,'DUCW-1'!M:O,2,) -> Cement Mill-1 | C2: =VLOOKUP(A:A,'DUCW-1'!M:O,3,) -> W-DUCW2-CM2-L-PV-CM2_562BM1_EA1
A3: CM2_562EA_EA1 | B3: =VLOOKUP(A:A,'DUCW-1'!M:O,2,) -> Cement Mill-1 | C3: =VLOOKUP(A:A,'DUCW-1'!M:O,3,) -> W-DUCW2-CM2-L-PV-CM2_562EA_EA1
A4: CM | B4: =VLOOKUP(A:A,'DUCW-1'!M:O,2,) -> #N/A | C4: =VLOOKUP(A:A,'DUCW-1'!M:O,3,) -> #N/A
A5: 531BI1 | B5: =VLOOKUP(A:A,'DUCW-1'!M:O,2,) -> #N/A | C5: =VLOOKUP(A:A,'DUCW-1'!M:O,3,) -> #N/A
A6: CM2_532BI2_LS | B6: =VLOOKUP(A:A,'DUCW-1'!M:O,2,) -> Cement Mill-1 | C6: =VLOOKUP(A:A,'DUCW-1'!M:O,3,) -> W-DUCW2-CM2-ST-SV-CM2_532BI2_LS
A7: 532BI2 | B7: =VLOOKUP(A:A,'DUCW-1'!M:O,2,) -> #N/A | C7: =VLOOKUP(A:A,'DUCW-1'!M:O,3,) -> #N/A
A8: 562BI1 | B8: =VLOOKUP(A:A,'DUCW-1'!M:O,2,) -> #N/A | C8: =VLOOKUP(A:A,'DUCW-1'!M:O,3,) -> #N/A
A9: 562BF4 | B9: =VLOOKUP(A:A,'DUCW-1'!M:O,2,) -> #N/A | C9: =VLOOKUP(A:A,'DUCW-1'!M:O,3,) -> #N/A
A10: CM2_562BF4_PH | B10: =VLOOKUP(A:A,'DUCW-1'!M:O,2,) -> #N/A | C10: =VLOOKUP(A:A,'DUCW-1'!M:O,3,) -> #N/A
A11: CM2_562BF4_RUN | B11: =VLOOKUP(A:A,'DUCW-1'!M:O,2,) -> #N/A | C11: =VLOOKUP(A:A,'DUCW-1'!M:O,3,) -> #N/A
A12: CM2_562BF4_H01 | B12: =VLOOKUP(A:A,'DUCW-1'!M:O,2,) -> #N/A | C12: =VLOOKUP(A:A,'DUCW-1'!M:O,3,) -> #N/A
A13: CM2_562BF4_HP1_LS | B13: =VLOOKUP(A:A,'DUCW-1'!M:O,2,) -> Cement Mill-1 | C13: =VLOOKUP(A:A,'DUCW-1'!M:O,3,) -> W-DUCW2-CM2-ST-SV-CM2_562BF4_HP1_LS
... A151: CM2_562FM2_PT | B151: =VLOOKUP(A:A,'DUCW-1'!M:O,2,) -> Cement Mill-1 | C151: =VLOOKUP(A:A,'DUCW-1'!M:O,3,) -> W-DUCW2-CM2-P-PV-CM2_562FM2_PT
A152: CM2_562FM2_TOT | B152: =VLOOKUP(A:A,'DUCW-1'!M:O,2,) -> #N/A | C152: =VLOOKUP(A:A,'DUCW-1'!P:R,3,) -> #N/A
A153: CM2_562BM1_PT1 | B153: =VLOOKUP(A:A,'DUCW-1'!M:O,2,) -> Cement Mill-1 | C153: =VLOOKUP(A:A,'DUCW-1'!M:O,3,) -> W-DUCW2-CM2-P-PV-CM2_562BM1_PT1
A154: CM2_562BM1_TT | B154: =VLOOKUP(A:A,'DUCW-1'!M:O,2,) -> Cement Mill-1 | C154: =VLOOKUP(A:A,'DUCW-1'!M:O,3,) -> W-DUCW2-CM2-T-PV-CM2_562BM1_TT
A155: CM2_562BM1_BTE1 | B155: =VLOOKUP(A:A,'DUCW-1'!M:O,2,) -> Cement Mill-1 | C155: =VLOOKUP(A:A,'DUCW-1'!M:O,3,) -> W-DUCW2-CM2-T-PV-CM2_562BM1_BTE1
A156: CM2_562BM1_BTE2 | B156: =VLOOKUP(A:A,'DUCW-1'!M:O,2,) -> Cement Mill-1 | C156: =VLOOKUP(A:A,'DUCW-1'!M:O,3,) -> W-DUCW2-CM2-T-PV-CM2_562BM1_BTE2
A157: CM2_562BM1_BTE5 | B157: =VLOOKUP(A:A,'DUCW-1'!M:O,2,) -> Cement Mill-1 | C157: =VLOOKUP(A:A,'DUCW-1'!M:O,3,) -> W-DUCW2-CM2-T-PV-CM2_562BM1_BTE5
A158: CM2_562BM1_BTE6 | B158: =VLOOKUP(A:A,'DUCW-1'!M:O,2,) -> Cement Mill-1 | C158: =VLOOKUP(A:A,'DUCW-1'!M:O,3,) -> W-DUCW2-CM2-T-PV-CM2_562BM1_BTE6
A159: CM2_562BM1 | B159: =VLOOKUP(A:A,'DUCW-1'!M:O,2,) -> #N/A | C159: =VLOOKUP(A:A,'DUCW-1'!M:O,3,) -> #N/A
A160: CM2_562BM1_BTE8 | B160: =VLOOKUP(A:A,'DUCW-1'!M:O,2,) -> Cement Mill-1 | C160: =VLOOKUP(A:A,'DUCW-1'!M:O,3,) -> W-DUCW2-CM2-T-PV-CM2_562BM1_BTE8
A161: CM2_562BC1II | B161: =VLOOKUP(A:A,'DUCW-1'!M:O,2,) -> #N/A | C161: =VLOOKUP(A:A,'DUCW-1'!P:R,3,) -> #N/A
A162: CM2_562VS1_PT3 | B162: =VLOOKUP(A:A,'DUCW-1'!M:O,2,) -> Cement Mill-1 | C162: =VLOOKUP(A:A,'DUCW-1'!M:O,3,) -> W-DUCW2-CM2-P-PV-CM2_562VS1_PT3
A163: Analog Input Fault | B163: =VLOOKUP(A:A,'DUCW-1'!M:O,2,) -> #N/A | C163: =VLOOKUP(A:A,'DUCW-1'!P:R,3,) -> #N/A
A164: CM2_562RA4_SI | B164: =VLOOKUP(A:A,'DUCW-1'!M:O,2,) -> Cement Mill-1 | C164: =VLOOKUP(A:A,'DUCW-1'!M:O,3,) -> W-DUCW2-CM2-R-PV-CM2_562RA4_SI
A165: CM2_562RA4_SPSPM | B165: =VLOOKUP(A:A,'DUCW-1'!M:O,2,) -> #N/A | C165: =VLOOKUP(A:A,'DUCW-1'!P:R,3,) -> #N/A
A166: CM2_562RA4_II | B166: =VLOOKUP(A:A,'DUCW-1'!M:O,2,) -> Cement Mill-1 | C166: =VLOOKUP(A:A,'DUCW-1'!M:O,3,) -> W-DUCW2-CM2-I-PV-CM2_562RA4_II
A167: CM2_562FM1_FR | B167: =VLOOKUP(A:A,'DUCW-1'!M:O,2,) -> Cement Mill-1 | C167: =VLOOKUP(A:A,'DUCW-1'!M:O,3,) -> W-DUCW2-CM2-F-PV-CM2_562FM1_FR
A168: CM2_562FM1_PT | B168: =VLOOKUP(A:A,'DUCW-1'!M:O,2,) -> Cement Mill-1 | C168: =VLOOKUP(A:A,'DUCW-1'!M:O,3,) -> W-DUCW2-CM2-P-PV-CM2_562FM1_PT
A169: CM2_562FM1_TOT | B169: =VLOOKUP(A:A,'DUCW-1'!M:O,2,) -> #N/A | C169: =VLOOKUP(A:A,'DUCW-1'!M:O,3,) -> #N/A
A170: CM2_562BM1_PT2 | B170: =VLOOKUP(A:A,'DUCW-1'!M:O,2,) -> Cement Mill-1 | C170: =VLOOKUP(A:A,'DUCW-1'!M:O,3,) -> W-DUCW2-CM2-P-PV-CM2_562BM1_PT2
A171: CM2_562BM1_TT2 | B171: =VLOOKUP(A:A,'DUCW-1'!M:O,2,) -> Cement Mill-1 | C171: =VLOOKUP(A:A,'DUCW-1'!M:O,3,) -> W-DUCW2-CM2-T-PV-CM2_562BM1_TT2
A172: CM2_562BM1_BTE3 | B172: =VLOOKUP(A:A,'DUCW-1'!M:O,2,) -> Cement Mill-1 | C172: =VLOOKUP(A:A,'DUCW-1'!M:O,3,) -> W-DUCW2-CM2-T-PV-CM2_562BM1_BTE3
A173: CM2_562BM1_BTE4 | B173: =VLOOKUP(A:A,'DUCW-1'!M:O,2,) -> Cement Mill-1 | C173: =VLOOKUP(A:A,'DUCW-1'!M:O,3,) -> W-DUCW2-CM2-T-PV-CM2_562BM1_BTE4
A174: CM2_562FN6_PT1 | B174: =VLOOKUP(A:A,'DUCW-1'!M:O,2,) -> Cement Mill-1 | C174: =VLOOKUP(A:A,'DUCW-1'!M:O,3,) -> W-DUCW2-CM2-P-PV-CM2_562FN6_PT1
A175: CM2_562FN6_TT1 | B175: =VLOOKUP(A:A,'DUCW-1'!M:O,2,) -> Cement Mill-1 | C175: =VLOOKUP(A:A,'DUCW-1'!M:O,3,) -> W-DUCW2-CM2-T-PV-CM2_562FN6_TT1
A176: CM2_562CN1_PT | B176: =VLOOKUP(A:A,'DUCW-1'!M:O,2,) -> Cement Mill-1 | C176: =VLOOKUP(A:A,'DUCW-1'!M:O,3,) -> W-DUCW2-CM2-P-PV-CM2_562CN1_PT
A177: CM2_562CN2_PT | B177: =VLOOKUP(A:A,'DUCW-1'!M:O,2,) -> Cement Mill-1 | C177: =VLOOKUP(A:A,'DUCW-1'!M:O,3,) -> W-DUCW2-CM2-P-PV-CM2_562CN2_PT
... A195: CM2_562FN6_PT2 | B195: =VLOOKUP(A:A,'DUCW-1'!M:O,2,) -> Cement Mill-1 | C195: =VLOOKUP(A:A,'DUCW-1'!M:O,3,) -> W-DUCW2-CM2-P-PV-CM2_562FN6_PT2
A196: CM2_572BE1_M01II | B196: =VLOOKUP(A:A,'DUCW-1'!M:O,2,) -> #N/A | C196: =VLOOKUP(A:A,'DUCW-1'!P:R,3,) -> #N/A
A197: CM2_562FN4_PT1 | B197: =VLOOKUP(A:A,'DUCW-1'!M:O,2,) -> Cement Mill-1 | C197: =VLOOKUP(A:A,'DUCW-1'!M:O,3,) -> W-DUCW2-CM2-P-PV-CM2_562FN4_PT1
A198: CM2_562FN4_PT2 | B198: =VLOOKUP(A:A,'DUCW-1'!M:O,2,) -> Cement Mill-1 | C198: =VLOOKUP(A:A,'DUCW-1'!M:O,3,) -> W-DUCW2-CM2-P-PV-CM2_562FN4_PT2
A199: CM2_562FN4_II | B199: =VLOOKUP(A:A,'DUCW-1'!M:O,2,) -> Cement Mill-1 | C199: =VLOOKUP(A:A,'DUCW-1'!M:O,3,) -> W-DUCW2-CM2-I-PV-CM2_562FN4_II
A200: CM2_562FN4_SI | B200: =VLOOKUP(A:A,'DUCW-1'!M:O,2,) -> Cement Mill-1 | C200: =VLOOKUP(A:A,'DUCW-1'!M:O,3,) -> W-DUCW2-CM2-R-PV-CM2_562FN4_SI
A201: CM2_562FN4_SPSPM | B201: =VLOOKUP(A:A,'DUCW-1'!M:O,2,) -> #N/A | C201: =VLOOKUP(A:A,'DUCW-1'!M:O,3,) -> #N/A
A202: CM2_562SK1_DUST | B202: =VLOOKUP(A:A,'DUCW-1'!M:O,2,) -> Cement Mill-1 | C202: =VLOOKUP(A:A,'DUCW-1'!M:O,3,) -> W-DUCW2-CM2-Q-PV-CM2_562SK1_DUST
A203: CM2_562SK1_FT | B203: =VLOOKUP(A:A,'DUCW-1'!M:O,2,) -> Cement Mill-1 | C203: =VLOOKUP(A:A,'DUCW-1'!M:O,3,) -> W-DUCW2-CM2-F-PV-CM2_562SK1_FT
A204: CM2_562SK1_PT | B204: =VLOOKUP(A:A,'DUCW-1'!M:O,2,) -> Cement Mill-1 | C204: =VLOOKUP(A:A,'DUCW-1'!M:O,3,) -> W-DUCW2-CM2-P-PV-CM2_562SK1_PT
A205: CM2_562SK1_TT | B205: =VLOOKUP(A:A,'DUCW-1'!M:O,2,) -> Cement Mill-1 | C205: =VLOOKUP(A:A,'DUCW-1'!M:O,3,) -> W-DUCW2-CM2-T-PV-CM2_562SK1_TT
A206: SP | B206: =VLOOKUP(A:A,'DUCW-1'!M:O,2,) -> #N/A | C206: =VLOOKUP(A:A,'DUCW-1'!M:O,3,) -> #N/A
A207: CM2_562FN5_SPSPA | B207: =VLOOKUP(A:A,'DUCW-1'!M:O,2,) -> #N/A | C207: =VLOOKUP(A:A,'DUCW-1'!M:O,3,) -> #N/A
A208: CM2_562FN5_SI | B208: =VLOOKUP(A:A,'DUCW-1'!M:O,2,) -> Cement Mill-1 | C208: =VLOOKUP(A:A,'DUCW-1'!M:O,3,) -> W-DUCW2-CM2-R-PV-CM2_562FN5_SI
... A307: CM2_562R_ | B307: =VLOOKUP(A:A,'DUCW-1'!M:O,2,) -> #N/A | C307: =VLOOKUP(A:A,'DUCW-1'!M:O,3,) -> #N/A

Sheet CementSilo
A1: Tags | B1: Section | C1: Tag UID
A2: CG4 | B2: =VLOOKUP(A:A,'DUCW-1'!M:O,2,) -> #N/A | C2: =VLOOKUP(A:A,'DUCW-1'!M:O,3,) -> #N/A
A3: CG5 | B3: =VLOOKUP(A:A,'DUCW-1'!M:O,2,) -> #N/A | C3: =VLOOKUP(A:A,'DUCW-1'!M:O,3,) -> #N/A
A4: CG6 | B4: =VLOOKUP(A:A,'DUCW-1'!M:O,2,) -> #N/A | C4: =VLOOKUP(A:A,'DUCW-1'!M:O,3,) -> #N/A
A5: Force Down | B5: =VLOOKUP(A:A,'DUCW-1'!M:O,2,) -> #N/A | C5: =VLOOKUP(A:A,'DUCW-1'!M:O,3,) -> #N/A
A6: Force UP | B6: =VLOOKUP(A:A,'DUCW-1'!M:O,2,) -> #N/A | C6: =VLOOKUP(A:A,'DUCW-1'!M:O,3,) -> #N/A
A7: NA | B7: =VLOOKUP(A:A,'DUCW-1'!M:O,2,) -> #N/A | C7: =VLOOKUP(A:A,'DUCW-1'!M:O,3,) -> #N/A
A8: Out | B8: =VLOOKUP(A:A,'DUCW-1'!M:O,2,) -> #N/A | C8: =VLOOKUP(A:A,'DUCW-1'!M:O,3,) -> #N/A
A9: PP2_611BI1_WI | B9: =VLOOKUP(A:A,'DUCW-1'!M:O,2,) -> #N/A | C9: =VLOOKUP(A:A,'DUCW-1'!M:O,3,) -> #N/A
A10: PP2_611BI2_WI | B10: =VLOOKUP(A:A,'DUCW-1'!M:O,2,) -> #N/A | C10: =VLOOKUP(A:A,'DUCW-1'!M:O,3,) -> #N/A
A11: PP2_611BI3_WI | B11: =VLOOKUP(A:A,'DUCW-1'!M:O,2,) -> #N/A | C11: =VLOOKUP(A:A,'DUCW-1'!M:O,3,) -> #N/A
A12: PP2_612AE1_SEQ01 | B12: =VLOOKUP(A:A,'DUCW-1'!M:O,2,) -> #N/A | C12: =VLOOKUP(A:A,'DUCW-1'!M:O,3,) -> #N/A
A13: PP2_612AE1_SEQ01_SP | B13: =VLOOKUP(A:A,'DUCW-1'!M:O,2,) -> #N/A | C13: =VLOOKUP(A:A,'DUCW-1'!M:O,3,) -> #N/A
... A88: PP2_612SGK | B88: =VLOOKUP(A:A,'DUCW-1'!M:O,2,) -> #N/A | C88: =VLOOKUP(A:A,'DUCW-1'!M:O,3,) -> #N/A

Sheet ClinkerSiloFeeding
A1: Tags | B1: Section | C1: Tag UID
A2: 492BC1 | B2: =VLOOKUP(A:A,'DUCW-1'!M:O,2,) -> #N/A | C2: =VLOOKUP(A:A,'DUCW-1'!M:O,3,) -> #N/A
A3: 492BC4 | B3: =VLOOKUP(A:A,'DUCW-1'!M:O,2,) -> #N/A | C3: =VLOOKUP(A:A,'DUCW-1'!M:O,3,) -> #N/A
A4: 492CG1 | B4: =VLOOKUP(A:A,'DUCW-1'!M:O,2,) -> #N/A | C4: =VLOOKUP(A:A,'DUCW-1'!M:O,3,) -> #N/A
A5: 492SG1 | B5: =VLOOKUP(A:A,'DUCW-1'!M:O,2,) -> #N/A | C5: =VLOOKUP(A:A,'DUCW-1'!M:O,3,) -> #N/A
A6: 511BC3 | B6: =VLOOKUP(A:A,'DUCW-1'!M:O,2,) -> #N/A | C6: =VLOOKUP(A:A,'DUCW-1'!M:O,3,) -> #N/A
A7: 512BC1 | B7: =VLOOKUP(A:A,'DUCW-1'!M:O,2,) -> #N/A | C7: =VLOOKUP(A:A,'DUCW-1'!M:O,3,) -> #N/A
A8: 512BC2 | B8: =VLOOKUP(A:A,'DUCW-1'!M:O,2,) -> #N/A | C8: =VLOOKUP(A:A,'DUCW-1'!M:O,3,) -> #N/A
A9: 512BC3 | B9: =VLOOKUP(A:A,'DUCW-1'!M:O,2,) -> #N/A | C9: =VLOOKUP(A:A,'DUCW-1'!M:O,3,) -> #N/A
A10: 512BC4 | B10: =VLOOKUP(A:A,'DUCW-1'!M:O,2,) -> #N/A | C10: =VLOOKUP(A:A,'DUCW-1'!M:O,3,) -> #N/A
A11: 512BC5 | B11: =VLOOKUP(A:A,'DUCW-1'!M:O,2,) -> #N/A | C11: =VLOOKUP(A:A,'DUCW-1'!M:O,3,) -> #N/A
A12: 512BE1 | B12: =VLOOKUP(A:A,'DUCW-1'!M:O,2,) -> #N/A | C12: =VLOOKUP(A:A,'DUCW-1'!M:O,3,) -> #N/A
A13: 512BF2 | B13: =VLOOKUP(A:A,'DUCW-1'!M:O,2,) -> #N/A | C13: =VLOOKUP(A:A,'DUCW-1'!M:O,3,) -> #N/A
... A109: To 511BE1 | B109: =VLOOKUP(A:A,'DUCW-1'!M:O,2,) -> #N/A | C109: =VLOOKUP(A:A,'DUCW-1'!M:O,3,) -> #N/A
B110: =VLOOKUP(A:A,'DUCW-1'!M:O,2,) -> #N/A | C110: =VLOOKUP(A:A,'DUCW-1'!M:O,3,) -> #N/A

Sheet FlyashSilo
A1: Tags | B1: Section | C1: Tag UID
A2: BVA | B2: =VLOOKUP(A:A,DUCW!M:O,2,FALSE) -> #N/A | C2: =VLOOKUP(A:A,'DUCW-1'!P:R,3,) -> #N/A
A3: BVB | B3: =VLOOKUP(A:A,DUCW!M:O,2,FALSE) -> #N/A | C3: =VLOOKUP(A:A,'DUCW-1'!P:R,3,) -> #N/A
A4: BV1 | B4: =VLOOKUP(A:A,DUCW!M:O,2,FALSE) -> #N/A | C4: =VLOOKUP(A:A,'DUCW-1'!P:R,3,) -> #N/A
A5: BV5 | B5: =VLOOKUP(A:A,DUCW!M:O,2,FALSE) -> #N/A | C5: =VLOOKUP(A:A,'DUCW-1'!P:R,3,) -> #N/A
A6: BV6 | B6: =VLOOKUP(A:A,DUCW!M:O,2,FALSE) -> #N/A | C6: =VLOOKUP(A:A,'DUCW-1'!P:R,3,) -> #N/A
A7: BV7 | B7: =VLOOKUP(A:A,DUCW!M:O,2,FALSE) -> #N/A | C7: =VLOOKUP(A:A,'DUCW-1'!P:R,3,) -> #N/A
A8: BV9 | B8: =VLOOKUP(A:A,DUCW!M:O,2,FALSE) -> #N/A | C8: =VLOOKUP(A:A,'DUCW-1'!P:R,3,) -> #N/A
A9: BVC | B9: =VLOOKUP(A:A,DUCW!M:O,2,FALSE) -> #N/A | C9: =VLOOKUP(A:A,'DUCW-1'!P:R,3,) -> #N/A
A10: CM_K31CG2_CLS | B10: =VLOOKUP(A:A,DUCW!M:O,2,FALSE) -> #N/A | C10: =VLOOKUP(A:A,'DUCW-1'!P:R,3,) -> #N/A
A11: CM_K31CG2_OLS | B11: =VLOOKUP(A:A,DUCW!M:O,2,FALSE) -> #N/A | C11: =VLOOKUP(A:A,'DUCW-1'!P:R,3,) -> #N/A
A12: CM_K31FN3_PH | B12: =VLOOKUP(A:A,DUCW!M:O,2,FALSE) -> #N/A | C12: =VLOOKUP(A:A,'DUCW-1'!P:R,3,) -> #N/A
A13: CM_K31FN3_RUN | B13: =VLOOKUP(A:A,DUCW!M:O,2,FALSE) -> #N/A | C13: =VLOOKUP(A:A,'DUCW-1'!P:R,3,) -> #N/A
... A184: SP | B184: =VLOOKUP(A:A,DUCW!M:O,2,FALSE) -> #N/A | C184: =VLOOKUP(A:A,'DUCW-1'!P:R,3,) -> #N/A

Sheet FreshFeed
A1: Tags | B1: Section | C1: Tag UID
A2: 532BC1 | B2: =VLOOKUP(A:A,DUCW!M:O,2,FALSE) -> #N/A | C2: =VLOOKUP(A:A,DUCW!M:O,3,) -> #N/A
A3: 532BC2 | B3: =VLOOKUP(A:A,DUCW!M:O,2,FALSE) -> #N/A | C3: =VLOOKUP(A:A,DUCW!M:O,3,) -> #N/A
A4: 532BF1 | B4: =VLOOKUP(A:A,DUCW!M:O,2,FALSE) -> #N/A | C4: =VLOOKUP(A:A,DUCW!M:O,3,) -> #N/A
A5: 532BF2 | B5: =VLOOKUP(A:A,DUCW!M:O,2,FALSE) -> #N/A | C5: =VLOOKUP(A:A,DUCW!M:O,3,) -> #N/A
A6: 532FN1 | B6: =VLOOKUP(A:A,DUCW!M:O,2,FALSE) -> #N/A | C6: =VLOOKUP(A:A,DUCW!M:O,3,) -> #N/A
A7: 532FN2 | B7: =VLOOKUP(A:A,DUCW!M:O,2,FALSE) -> #N/A | C7: =VLOOKUP(A:A,DUCW!M:O,3,) -> #N/A
A8: 532HP1 | B8: =VLOOKUP(A:A,DUCW!M:O,2,FALSE) -> #N/A | C8: =VLOOKUP(A:A,DUCW!M:O,3,) -> #N/A
A9: 532HP2 | B9: =VLOOKUP(A:A,DUCW!M:O,2,FALSE) -> #N/A | C9: =VLOOKUP(A:A,DUCW!M:O,3,) -> #N/A
A10: 532HP3 | B10: =VLOOKUP(A:A,DUCW!M:O,2,FALSE) -> #N/A | C10: =VLOOKUP(A:A,DUCW!M:O,3,) -> #N/A
A11: 532RA1 | B11: =VLOOKUP(A:A,DUCW!M:O,2,FALSE) -> #N/A | C11: =VLOOKUP(A:A,DUCW!M:O,3,) -> #N/A
A12: 532RA2 | B12: =VLOOKUP(A:A,DUCW!M:O,2,FALSE) -> #N/A | C12: =VLOOKUP(A:A,DUCW!M:O,3,) -> #N/A
A13: 532WF1 | B13: =VLOOKUP(A:A,DUCW!M:O,2,FALSE) -> #N/A | C13: =VLOOKUP(A:A,DUCW!M:O,3,) -> #N/A
... A106: Total Feed Control | B106: =VLOOKUP(A:A,DUCW!M:O,2,FALSE) -> #N/A | C106: =VLOOKUP(A:A,DUCW!M:O,3,) -> #N/A

Sheet Packer1and2
A1: Tags | B1: Section | C1: Tag UID
A2: 612ASB | B2: =VLOOKUP(A:A,DUCW!M:O,2,) -> #N/A | C2: =VLOOKUP(A:A,'DUCW-1'!M:O,3,) -> #N/A
A3: 612ASD | B3: =VLOOKUP(A:A,DUCW!M:O,2,) -> #N/A | C3: =VLOOKUP(A:A,'DUCW-1'!M:O,3,) -> #N/A
A4: 642AS1 | B4: =VLOOKUP(A:A,DUCW!M:O,2,) -> #N/A | C4: =VLOOKUP(A:A,'DUCW-1'!M:O,3,) -> #N/A
A5: 642AS2 | B5: =VLOOKUP(A:A,DUCW!M:O,2,) -> #N/A | C5: =VLOOKUP(A:A,'DUCW-1'!M:O,3,) -> #N/A
A6: 642BCD1 | B6: =VLOOKUP(A:A,DUCW!M:O,2,) -> #N/A | C6: =VLOOKUP(A:A,'DUCW-1'!M:O,3,) -> #N/A
A7: 642BCD2 | B7: =VLOOKUP(A:A,DUCW!M:O,2,) -> #N/A | C7: =VLOOKUP(A:A,'DUCW-1'!M:O,3,) -> #N/A
A8: 642BF1 | B8: =VLOOKUP(A:A,DUCW!M:O,2,) -> #N/A | C8: =VLOOKUP(A:A,'DUCW-1'!M:O,3,) -> #N/A
A9: 642BF2 | B9: =VLOOKUP(A:A,DUCW!M:O,2,) -> #N/A | C9: =VLOOKUP(A:A,'DUCW-1'!M:O,3,) -> #N/A
A10: 642BF3 | B10: =VLOOKUP(A:A,DUCW!M:O,2,) -> #N/A | C10: =VLOOKUP(A:A,'DUCW-1'!M:O,3,) -> #N/A
A11: 642BF4 | B11: =VLOOKUP(A:A,DUCW!M:O,2,) -> #N/A | C11: =VLOOKUP(A:A,'DUCW-1'!M:O,3,) -> #N/A
A12: 642BL1 | B12: =VLOOKUP(A:A,DUCW!M:O,2,) -> #N/A | C12: =VLOOKUP(A:A,'DUCW-1'!M:O,3,) -> #N/A
A13: 642BL2 | B13: =VLOOKUP(A:A,DUCW!M:O,2,) -> #N/A | C13: =VLOOKUP(A:A,'DUCW-1'!M:O,3,) -> #N/A
... A141: SP | B141: =VLOOKUP(A:A,DUCW!M:O,2,) -> #N/A | C141: =VLOOKUP(A:A,'DUCW-1'!M:O,3,) -> #N/A
