Workbook

Sheet NCJW
A1: Business Unit | B1: Cluster | C1: Plant | D1: Line | E1: Plant SAP Code | F1: Section | G1: Equipment Group | H1: Equipment Subtype | I1: Variable Group | J1: Variable Type | K1: Standard Variable Description | L1: Unit Of Measurement | M1: Tag Name | N1: Section | O1: Tag Name | P1: Tag UID | Q1: Min | R1: Max | S1: LCL | T1: UCL | U1: Flat Line Length | V1: OPC EndPOint | W1: Path | X1: PropertyID | Y1: AssetID | Z1: IsDisplay | AA1: ConvertToBinary | AB1: PublishingInterval | AC1: IsHighFrequencyTag
A2: CEMENT | B2: W | C2: NCJW | D2: 1 | E2: JF01 | F2: Crusher | G2: Crusher | H2: Other | I2: PV | J2: Count | K2: B15 IDLE TIME | L2: sec | M2: B15_IDLE_TIME | N2: Crusher | O2: B15_IDLE_TIME | P2: W-NCJW1-CR1-C-PV-B15_IDLE_TIME | Q2: 0 | R2: 500 | S2: TBD | T2: TBD | U2: 60 | V2: opc.tcp://10.5.16.43:26080 | W2: ns=2;s=1:B15_IDLE_TIME?Value | X2: 140065a5-45cd-476a-a00b-dd7421f5d6bd | Y2: a34c754d-7b25-479b-80bc-31fe79bff586 | Z2: TRUE | AB2: 60000
A3: CEMENT | B3: W | C3: NCJW | D3: 1 | E3: JF01 | F3: Crusher | G3: Crusher | H3: Other | I3: PV | J3: Count | K3: B3_OPR_COUNT | L3: Count | M3: B3_OPR_COUNT | N3: Crusher | O3: B3_OPR_COUNT | P3: W-NCJW1-CR1-C-PV-B3_OPR_COUNT | Q3: 0 | R3: 500 | S3: TBD | T3: TBD | U3: 60 | V3: opc.tcp://10.5.16.43:26080 | W3: ns=2;s=1:B3_OPR_COUNT?Value | X3: 030e08eb-d5bd-4160-a022-4cc8cf339d2a | Y3: a34c754d-7b25-479b-80bc-31fe79bff586 | Z3: TRUE | AB3: 60000
A4: CEMENT | B4: W | C4: NCJW | D4: 1 | E4: JF01 | F4: Crusher | G4: Crusher | H4: Other | I4: PV | J4: Count | K4: B3 SCALPING FOR RUNHR | L4: hr | M4: B3_RUNHR | N4: Crusher | O4: B3_RUNHR | P4: W-NCJW1-CR1-C-PV-B3_RUNHR | Q4: 0 | R4: 25 | S4: TBD | T4: TBD | U4: 60 | V4: opc.tcp://10.5.16.43:26080 | W4: ns=2;s=1:B3_RUNHR?Value | X4: a7b6d5d1-1735-44c6-8bbf-b07c5aba5447 | Y4: a34c754d-7b25-479b-80bc-31fe79bff586 | Z4: TRUE | AB4: 60000
A5: CEMENT | B5: W | C5: NCJW | D5: 1 | E5: JF01 | F5: Crusher | G5: Crusher | H5: Other | I5: PV | J5: Count | K5: B7 CRUSHER MOTOR RUNHR | L5: hr | M5: B7_RUNHR | N5: Crusher | O5: B7_RUNHR | P5: W-NCJW1-CR1-C-PV-B7_RUNHR | Q5: 0 | R5: 25 | S5: TBD | T5: TBD | U5: 60 | V5: opc.tcp://10.5.16.43:26080 | W5: ns=2;s=1:B7_RUNHR?Value | X5: 961a4684-c5a6-4ca4-9644-c18636748ec3 | Y5: a34c754d-7b25-479b-80bc-31fe79bff586 | Z5: TRUE | AB5: 60000
A6: CEMENT | B6: W | C6: NCJW | D6: 1 | E6: JF01 | F6: Crusher | G6: Crusher | H6: Belt Weigher | I6: PV | J6: Flow | K6: C1 BELT WEIGHER | L6: TPH | M6: B_FT230 | N6: Crusher | O6: B_FT230 | P6: W-NCJW1-CR1-F-PV-B_FT230 | Q6: 0 | R6: 1050 | S6: TBD | T6: TBD | U6: 60 | V6: opc.tcp://10.5.16.43:26080 | W6: ns=2;s=1:B_FT230?Value | X6: 003ef6e1-a493-45e9-a02f-64dbf8fd1380 | Y6: a34c754d-7b25-479b-80bc-31fe79bff586 | Z6: TRUE | AB6: 60000
A7: CEMENT | B7: W | C7: NCJW | D7: 1 | E7: JF01 | F7: Crusher | G7: Crusher | H7: Water Spray | I7: PV | J7: Flow | K7: FS WATER FLOW | L7: LPM | M7: B_FT240 | N7: Crusher | O7: B_FT240 | P7: W-NCJW1-CR1-F-PV-B_FT240 | Q7: 0 | R7: 200 | S7: TBD | T7: TBD | U7: 60 | V7: opc.tcp://10.5.16.43:26080 | W7: ns=2;s=1:B_FT240?Value | X7: 7dbd82c8-e7fa-4e9d-9669-6c957ba1c76f | Y7: a34c754d-7b25-479b-80bc-31fe79bff586 | AB7: 60000
A8: CEMENT | B8: W | C8: NCJW | D8: 1 | E8: JF01 | F8: Crusher | G8: CR-Transport | H8: Belt Weigher | I8: PV | J8: Flow | K8: C19 BELT WEIGHER | L8: TPH | M8: C19_BW | N8: Crusher | O8: C19_BW | P8: W-NCJW1-CR1-F-PV-C19_BW | Q8: 0 | R8: 900 | S8: TBD | T8: TBD | U8: 60 | V8: opc.tcp://10.5.16.43:26080 | W8: ns=2;s=1:C19_BW?Value | X8: 1f7e6409-4f3f-4dcf-bda1-bf21bb12960d | Y8: a34c754d-7b25-479b-80bc-31fe79bff586 | AB8: 60000
A9: CEMENT | B9: W | C9: NCJW | D9: 1 | E9: JF01 | F9: Crusher | G9: CR-Quality | H9: Other | I9: PV | J9: Flow | K9: STACKER_BELT_TPH | L9: TPH | M9: CBA_BELT_WEIGHER | N9: Crusher | O9: CBA_BELT_WEIGHER | P9: W-NCJW1-CR1-F-PV-CBA_BELT_WEIGHER | Q9: 0 | R9: 1000 | S9: TBD | T9: TBD | U9: 60 | V9: opc.tcp://10.5.16.43:26080 | W9: ns=2;s=1:CBA_BELT_WEIGHER?Value | X9: 4f5cd82a-fe4f-4127-8da6-8d26011a4cc3 | Y9: a34c754d-7b25-479b-80bc-31fe79bff586 | Z9: TRUE | AB9: 60000
A10: CEMENT | B10: W | C10: NCJW | D10: 1 | E10: JF01 | F10: Crusher | G10: CR-Controller | H10: PID | I10: PV | J10: Flow | K10: CRUSHER REJECT, Set Point | L10: % | M10: NJ_FC8030_SPM | N10: Crusher | O10: NJ_FC8030_SPM | P10: W-NCJW1-CR1-F-PV-NJ_FC8030_SPM | Q10: 0 | R10: 100 | S10: TBD | T10: TBD | U10: 60 | V10: opc.tcp://10.5.16.43:26080 | W10: ns=2;s=1:NJ_FC8030_SPM?Value | X10: e21d130e-ea21-48d0-ac07-e8a9c6873025 | Y10: a34c754d-7b25-479b-80bc-31fe79bff586 | AB10: 60000
A11: CEMENT | B11: W | C11: NCJW | D11: 1 | E11: JF01 | F11: Crusher | G11: Crusher | H11: VFD | I11: PV | J11: Current | K11: B12_VFD_RPM_FB | L11: amp | M11: B12_VFD_CURRENT_FB | N11: Crusher | O11: B12_VFD_CURRENT_FB | P11: W-NCJW1-CR1-I-PV-B12_VFD_CURRENT_FB | Q11: 0 | R11: 168 | S11: TBD | T11: TBD | U11: 60 | V11: opc.tcp://10.5.16.43:26080 | W11: ns=2;s=1:B12_VFD_CURRENT_FB?Value | X11: 3ea4aea1-cc40-4a9c-8c2b-3fd1c1389139 | Y11: a34c754d-7b25-479b-80bc-31fe79bff586 | Z11: TRUE | AB11: 60000
A12: CEMENT | B12: W | C12: NCJW | D12: 1 | E12: JF01 | F12: Crusher | G12: CR-Transport | H12: Bucket Elevator | I12: PV | J12: Current | K12: B22 BUCKET ELEVATOR CURRENT | L12: amp | M12: B22_BE_CURRENT | N12: Crusher | O12: B22_BE_CURRENT | P12: W-NCJW1-CR1-I-PV-B22_BE_CURRENT | Q12: 0 | R12: 5 | S12: TBD | T12: TBD | U12: 60 | V12: opc.tcp://10.5.16.43:26080 | W12: ns=2;s=1:B22_BE_CURRENT?Value | X12: 28830329-76f7-4547-a607-16a3c5361294 | Y12: a34c754d-7b25-479b-80bc-31fe79bff586 | AB12: 60000
A13: CEMENT | B13: W | C13: NCJW | D13: 1 | E13: JF01 | F13: Crusher | G13: Crusher | H13: Other | I13: PV | J13: Current | K13: B3 CURRENT E3+ | L13: amp | M13: B3_CURRENT | N13: Crusher | O13: B3_CURRENT | P13: W-NCJW1-CR1-I-PV-B3_CURRENT | Q13: 0 | R13: 150 | S13: TBD | T13: TBD | U13: 60 | V13: opc.tcp://10.5.16.43:26080 | W13: ns=2;s=1:B3_CURRENT?Value | X13: f4e7507d-a55d-4859-959e-a67c1f302b62 | Y13: a34c754d-7b25-479b-80bc-31fe79bff586 | AB13: 60000
A14: CEMENT | B14: W | C14: NCJW | D14: 1 | E14: JF01 | F14: Crusher | G14: CR-Controller | H14: PID | I14: PV | J14: Current | K14: B3 SCALPING FEEDER VFD PID AUTO SET PT | L14: amp | M14: B3_SCALPING_VFD_SPA | N14: Crusher | O14: B3_SCALPING_VFD_SPA | P14: W-NCJW1-CR1-I-PV-B3_SCALPING_VFD_SPA | Q14: 0 | R14: 75 | S14: TBD | T14: TBD | U14: 60 | V14: opc.tcp://10.5.16.43:26080 | W14: ns=2;s=1:B3_SCALPING_VFD_SPA?Value | X14: a270fbf0-b08f-478c-a2ff-ea9f02c39246 | Y14: a34c754d-7b25-479b-80bc-31fe79bff586 | Z14: TRUE | AB14: 60000
A15: CEMENT | B15: W | C15: NCJW | D15: 1 | E15: JF01 | F15: Crusher | G15: Crusher | H15: VFD | I15: PV | J15: Current | K15: B3_VFD_current | L15: amp | M15: B3_VFD_current | N15: Crusher | O15: B3_VFD_current | P15: W-NCJW1-CR1-I-PV-B3_VFD_current | Q15: 0 | R15: 88 | S15: TBD | T15: TBD | U15: 60 | V15: opc.tcp://10.5.16.43:26080 | W15: ns=2;s=1:B3_VFD_current?Value | X15: 9f8a3cec-8a59-434a-9193-2d2b7b6d1a9f | Y15: a34c754d-7b25-479b-80bc-31fe79bff586 | Z15: TRUE | AB15: 60000
A16: CEMENT | B16: W | C16: NCJW | D16: 1 | E16: JF01 | F16: Crusher | G16: Crusher | H16: Other | I16: PV | J16: Current | K16: LS CRSHR MOTORCURRENT | L16: amp | M16: B_IT100 | N16: Crusher | O16: B_IT100 | P16: W-NCJW1-CR1-I-PV-B_IT100 | Q16: 0 | R16: 100 | S16: TBD | T16: TBD | U16: 60 | V16: opc.tcp://10.5.16.43:26080 | W16: ns=2;s=1:B_IT100?Value | X16: bc6e1b87-cf97-4853-a70f-0257ffb2dcde | Y16: a34c754d-7b25-479b-80bc-31fe79bff586 | Z16: TRUE | AB16: 60000
A17: CEMENT | B17: W | C17: NCJW | D17: 1 | E17: JF01 | F17: Crusher | G17: Crusher | H17: Other | I17: PV | J17: Current | K17: B15 RBC MOTORCURRENT | L17: amp | M17: B_IT110 | N17: Crusher | O17: B_IT110 | P17: W-NCJW1-CR1-I-PV-B_IT110 | Q17: 0 | R17: 100 | S17: TBD | T17: TBD | U17: 60 | V17: opc.tcp://10.5.16.43:26080 | W17: ns=2;s=1:B_IT110?Value | X17: 9ada599e-268c-4a8f-aaf0-378215036a52 | Y17: a34c754d-7b25-479b-80bc-31fe79bff586 | Z17: TRUE | AB17: 60000
A18: CEMENT | B18: W | C18: NCJW | D18: 1 | E18: JF01 | F18: Crusher | G18: CR-Transport | H18: Belt Conveyor | I18: PV | J18: Current | K18: C1 RBC CURRENT | L18: amp | M18: C1_CURRENT | N18: Crusher | O18: C1_CURRENT | P18: W-NCJW1-CR1-I-PV-C1_CURRENT | Q18: 0 | R18: 500 | S18: TBD | T18: TBD | U18: 60 | V18: opc.tcp://10.5.16.43:26080 | W18: ns=2;s=1:C1_CURRENT?Value | X18: 3e168712-8c19-4bc6-878a-f08c933a6169 | Y18: a34c754d-7b25-479b-80bc-31fe79bff586 | AB18: 60000
A19: CEMENT | B19: W | C19: NCJW | D19: 1 | E19: JF01 | F19: Crusher | G19: CR-Transport | H19: Belt Conveyor | I19: PV | J19: Current | K19: C1 CURRENT E3+ | L19: amp | M19: C1_CURRENT_DB | N19: Crusher | O19: C1_CURRENT_DB | P19: W-NCJW1-CR1-I-PV-C1_CURRENT_DB | Q19: 0 | R19: 150 | S19: TBD | T19: TBD | U19: 60 | V19: opc.tcp://10.5.16.43:26080 | W19: ns=2;s=1:C1_CURRENT_DB?Value | X19: 8259d327-61f3-42ec-80b3-0a6eff8f7243 | Y19: a34c754d-7b25-479b-80bc-31fe79bff586 | Z19: TRUE | AB19: 60000
A20: CEMENT | B20: W | C20: NCJW | D20: 1 | E20: JF01 | F20: Crusher | G20: CR-Drives | H20: Other | I20: PV | J20: Current | K20: B7 MOTOR CURRENT | L20: amp | M20: D_IT1560 | N20: Crusher | O20: D_IT1560 | P20: W-NCJW1-CR1-I-PV-D_IT1560 | Q20: 0 | R20: 100 | S20: TBD | T20: TBD | U20: 60 | V20: opc.tcp://10.5.16.43:26080 | W20: ns=2;s=1:D_IT1560?Value | X20: 1da7045e-6d76-4925-a029-8921f0827fe3 | Y20: a34c754d-7b25-479b-80bc-31fe79bff586 | AB20: 60000
A21: CEMENT | B21: W | C21: NCJW | D21: 1 | E21: JF01 | F21: Crusher | G21: Crusher | H21: Motor | I21: PV | J21: Power | K21: CRUSHER_MAIN_MOTOR_KW | L21: kW | M21: CRS_MCC_KW | N21: Crusher | O21: CRS_MCC_KW | P21: W-NCJW1-CR1-J-PV-CRS_MCC_KW | Q21: 0 | R21: 3000 | S21: TBD | T21: TBD | U21: 60 | V21: opc.tcp://10.5.16.43:26080 | W21: ns=2;s=1:CRS_MCC_KW?Value | X21: 7333e351-fdac-4f87-b1c8-e8e2f6890150 | Y21: a34c754d-7b25-479b-80bc-31fe79bff586 | AB21: 60000
A22: CEMENT | B22: W | C22: NCJW | D22: 1 | E22: JF01 | F22: Crusher | G22: Crusher | H22: Other | I22: PV | J22: Level | K22: C1 BELT WEIGHER DAY TOTAL | L22: tons | M22: B_FT230_DAY_TOT | N22: Crusher | O22: B_FT230_DAY_TOT | P22: W-NCJW1-CR1-L-PV-B_FT230_DAY_TOT | Q22: 0 | R22: 100 | S22: TBD | T22: TBD | U22: 60 | V22: opc.tcp://10.5.16.43:26080 | W22: ns=2;s=1:B_FT230_DAY_TOT?Value | X22: 1dc036b4-1a92-44f6-babe-e3f08f03f976 | Y22: a34c754d-7b25-479b-80bc-31fe79bff586 | Z22: TRUE | AB22: 60000
A23: CEMENT | B23: W | C23: NCJW | D23: 1 | E23: JF01 | F23: Crusher | G23: CR-Storage | H23: Bin | I23: PV | J23: Level | K23: D3 FEEDBIN CONT.LEVEL | L23: % | M23: D_LT1331 | N23: Crusher | O23: D_LT1331 | P23: W-NCJW1-CR1-L-PV-D_LT1331 | Q23: 0 | R23: 100 | S23: TBD | T23: TBD | U23: 60 | V23: opc.tcp://10.5.16.43:26080 | W23: ns=2;s=1:D_LT1331?Value | X23: 13a1e52c-4d14-4906-80b4-1089418071db | Y23: a34c754d-7b25-479b-80bc-31fe79bff586 | AB23: 60000
A24: CEMENT | B24: W | C24: NCJW | D24: 1 | E24: JF01 | F24: Crusher | G24: Crusher | H24: Other | I24: KPI | J24: Others | K24: Crusher Power | L24: kWh/T | M24: CR_SP_PWR | N24: Crusher | O24: CR_SP_PWR | P24: W-NCJW1-CR1-O-KPI-CR_SP_PWR | Q24: 0 | R24: 2 | S24: TBD | T24: TBD | U24: 60 | V24: opc.tcp://10.5.16.43:26080 | W24: ns=2;s=1:CR_SP_PWR?Value | X24: 892c3f29-0788-4bd4-9858-a620ccacf54b | Y24: a34c754d-7b25-479b-80bc-31fe79bff586 | Z24: TRUE | AB24: 60000
A25: CEMENT | B25: W | C25: NCJW | D25: 1 | E25: JF01 | F25: Crusher | G25: Crusher | H25: Other | I25: PV | J25: Others | K25: TIME BETWEEN TWO START 20 MINS | L25: min | M25: B7_TIMER2 | N25: Crusher | O25: B7_TIMER2 | P25: W-NCJW1-CR1-O-PV-B7_TIMER2 | Q25: 0 | R25: 100 | S25: TBD | T25: TBD | U25: 60 | V25: opc.tcp://10.5.16.43:26080 | W25: ns=2;s=1:B7_TIMER2?Value | X25: 8f277f2f-6cf1-480b-a29a-b2327594c12e | Y25: a34c754d-7b25-479b-80bc-31fe79bff586 | Z25: TRUE | AB25: 60000
A26: CEMENT | B26: W | C26: NCJW | D26: 1 | E26: JF01 | F26: Crusher | G26: Crusher | H26: Other | I26: PV | J26: Pressure | K26: FS WATER PRESSURE | L26: bar | M26: B_PT250 | N26: Crusher | O26: B_PT250 | P26: W-NCJW1-CR1-P-PV-B_PT250 | Q26: 0 | R26: 10 | S26: TBD | T26: TBD | U26: 60 | V26: opc.tcp://10.5.16.43:26080 | W26: ns=2;s=1:B_PT250?Value | X26: 9c4d1be2-4661-43ee-92b2-14cd8966e391 | Y26: a34c754d-7b25-479b-80bc-31fe79bff586 | AB26: 60000
A27: CEMENT | B27: W | C27: NCJW | D27: 1 | E27: JF01 | F27: Crusher | G27: Crusher | H27: Other | I27: PV | J27: Pressure | K27: FS AIR PRESSURE | L27: bar | M27: B_PT260 | N27: Crusher | O27: B_PT260 | P27: W-NCJW1-CR1-P-PV-B_PT260 | Q27: 0 | R27: 10 | S27: TBD | T27: TBD | U27: 60 | V27: opc.tcp://10.5.16.43:26080 | W27: ns=2;s=1:B_PT260?Value | X27: 51213956-ae4c-4dbb-9de1-dc0c974a325b | Y27: a34c754d-7b25-479b-80bc-31fe79bff586 | AB27: 60000
A28: CEMENT | B28: W | C28: NCJW | D28: 1 | E28: JF01 | F28: Crusher | G28: Crusher | H28: Bag Filter | I28: PV | J28: Pressure | K28: B12 BAGFILTER DP | L28: mmWC | M28: C_PT1010 | N28: Crusher | O28: C_PT1010 | P28: W-NCJW1-CR1-P-PV-C_PT1010 | Q28: 0 | R28: 300 | S28: TBD | T28: TBD | U28: 60 | V28: opc.tcp://10.5.16.43:26080 | W28: ns=2;s=1:C_PT1010?Value | X28: 6df85e35-2baa-4a49-a49f-af976a927661 | Y28: a34c754d-7b25-479b-80bc-31fe79bff586 | Z28: TRUE | AB28: 60000
A29: CEMENT | B29: W | C29: NCJW | D29: 1 | E29: JF01 | F29: Crusher | G29: Crusher | H29: VFD | I29: PV | J29: Speed | K29: B12_VFD_RPM_SPM | L29: RPM | M29: B12_VFD_RPM_FB | N29: Crusher | O29: B12_VFD_RPM_FB | P29: W-NCJW1-CR1-R-PV-B12_VFD_RPM_FB | Q29: 0 | R29: 1500 | S29: TBD | T29: TBD | U29: 60 | V29: opc.tcp://10.5.16.43:26080 | W29: ns=2;s=1:B12_VFD_RPM_FB?Value | X29: 820c0023-e360-4b83-8e6d-bb985bced7ed | Y29: a34c754d-7b25-479b-80bc-31fe79bff586 | Z29: TRUE | AB29: 60000
A30: CEMENT | B30: W | C30: NCJW | D30: 1 | E30: JF01 | F30: Crusher | G30: CR-Controller | H30: PID | I30: PV | J30: Speed | K30: B12 VFD RPM PID SPM | L30: RPM | M30: B12_VFD_RPM_SPM | N30: Crusher | O30: B12_VFD_RPM_SPM | P30: W-NCJW1-CR1-R-PV-B12_VFD_RPM_SPM | Q30: 0 | R30: 1500 | S30: TBD | T30: TBD | U30: 60 | V30: opc.tcp://10.5.16.43:26080 | W30: ns=2;s=1:B12_VFD_RPM_SPM?Value | X30: faada458-3fcb-452f-8b3b-db3b0acada30 | Y30: a34c754d-7b25-479b-80bc-31fe79bff586 | AB30: 60000
A31: CEMENT | B31: W | C31: NCJW | D31: 1 | E31: JF01 | F31: Crusher | G31: CR-Controller | H31: PID | I31: PV | J31: Speed | K31: B3 VFD PID MANUAL SET POINT | L31: RPM | M31: B3_SCALPING_VFD_SPM | N31: Crusher | O31: B3_SCALPING_VFD_SPM | P31: W-NCJW1-CR1-R-PV-B3_SCALPING_VFD_SPM | Q31: 0 | R31: 1000 | S31: TBD | T31: TBD | U31: 60 | V31: opc.tcp://10.5.16.43:26080 | W31: ns=2;s=1:B3_SCALPING_VFD_SPM?Value | X31: 42837563-ec38-4af4-a2e3-5c4ab81959c0 | Y31: a34c754d-7b25-479b-80bc-31fe79bff586 | AB31: 60000
A32: CEMENT | B32: W | C32: NCJW | D32: 1 | E32: JF01 | F32: Crusher | G32: Crusher | H32: VFD | I32: PV | J32: Speed | K32: B3_VFD_RPM_FB | L32: RPM | M32: B3_VFD_RPM_FB | N32: Crusher | O32: B3_VFD_RPM_FB | P32: W-NCJW1-CR1-R-PV-B3_VFD_RPM_FB | Q32: 0 | R32: 1000 | S32: TBD | T32: TBD | U32: 60 | V32: opc.tcp://10.5.16.43:26080 | W32: ns=2;s=1:B3_VFD_RPM_FB?Value | X32: 8d00ac28-0f4f-47f6-aae5-8ce831545910 | Y32: a34c754d-7b25-479b-80bc-31fe79bff586 | Z32: TRUE | AB32: 60000
A33: CEMENT | B33: W | C33: NCJW | D33: 1 | E33: JF01 | F33: Crusher | G33: Crusher | H33: Other | I33: PV | J33: Speed | K33: B15 RBC MOTION ANALOG | L33: RPM | M33: B_ST120 | N33: Crusher | O33: B_ST120 | P33: W-NCJW1-CR1-R-PV-B_ST120 | Q33: 0 | R33: 100 | S33: TBD | T33: TBD | U33: 60 | V33: opc.tcp://10.5.16.43:26080 | W33: ns=2;s=1:B_ST120?Value | X33: e4658491-6ce2-4473-9ebd-e9714433cabd | Y33: a34c754d-7b25-479b-80bc-31fe79bff586 | Z33: TRUE | AB33: 60000
A34: CEMENT | B34: W | C34: NCJW | D34: 1 | E34: JF01 | F34: Crusher | G34: Crusher | H34: Other | I34: PV | J34: Speed | K34: C1 MOTION ANALOG | L34: RPM | M34: B_ST130 | N34: Crusher | O34: B_ST130 | P34: W-NCJW1-CR1-R-PV-B_ST130 | Q34: 0 | R34: 100 | S34: TBD | T34: TBD | U34: 60 | V34: opc.tcp://10.5.16.43:26080 | W34: ns=2;s=1:B_ST130?Value | X34: bb87b5af-687e-467d-a0cf-f5083a9c31f2 | Y34: a34c754d-7b25-479b-80bc-31fe79bff586 | Z34: TRUE | AB34: 60000
A35: CEMENT | B35: W | C35: NCJW | D35: 1 | E35: JF01 | F35: Crusher | G35: Crusher | H35: Other | I35: PV | J35: Speed | K35: C6 MOTION ANALOG | L35: RPM | M35: B_ST140 | N35: Crusher | O35: B_ST140 | P35: W-NCJW1-CR1-R-PV-B_ST140 | Q35: 0 | R35: 100 | S35: TBD | T35: TBD | U35: 60 | V35: opc.tcp://10.5.16.43:26080 | W35: ns=2;s=1:B_ST140?Value | X35: b16655c7-9cf4-4af1-a8d3-98d4288901c1 | Y35: a34c754d-7b25-479b-80bc-31fe79bff586 | AB35: 60000
A36: CEMENT | B36: W | C36: NCJW | D36: 1 | E36: JF01 | F36: Crusher | G36: Crusher | H36: Other | I36: PV | J36: Speed | K36: C19 MOTION ANALOG | L36: RPM | M36: B_ST150 | N36: Crusher | O36: B_ST150 | P36: W-NCJW1-CR1-R-PV-B_ST150 | Q36: 0 | R36: 100 | S36: TBD | T36: TBD | U36: 60 | V36: opc.tcp://10.5.16.43:26080 | W36: ns=2;s=1:B_ST150?Value | X36: 2af32249-ada8-43e3-afac-53baf3d74dd7 | Y36: a34c754d-7b25-479b-80bc-31fe79bff586 | AB36: 60000
A37: CEMENT | B37: W | C37: NCJW | D37: 1 | E37: JF01 | F37: Crusher | G37: Crusher | H37: Other | I37: PV | J37: Speed | K37: C22_1 MOTION ANALOG | L37: RPM | M37: B_ST160 | N37: Crusher | O37: B_ST160 | P37: W-NCJW1-CR1-R-PV-B_ST160 | Q37: 0 | R37: 100 | S37: TBD | T37: TBD | U37: 60 | V37: opc.tcp://10.5.16.43:26080 | W37: ns=2;s=1:B_ST160?Value | X37: 5510f6d0-077d-4bbe-b9bb-cc23dbcc8aea | Y37: a34c754d-7b25-479b-80bc-31fe79bff586 | AB37: 60000
A38: CEMENT | B38: W | C38: NCJW | D38: 1 | E38: JF01 | F38: Crusher | G38: Crusher | H38: Other | I38: PV | J38: Temperature | K38: CRUSHER PLC ROOM TEMP | L38: deg C | M38: B_PLC_ROOM_TEMP | N38: Crusher | O38: B_PLC_ROOM_TEMP | P38: W-NCJW1-CR1-T-PV-B_PLC_ROOM_TEMP | Q38: 0 | R38: 150 | S38: TBD | T38: TBD | U38: 60 | V38: opc.tcp://10.5.16.43:26080 | W38: ns=2;s=1:B_PLC_ROOM_TEMP?Value | X38: 77614c13-6cb8-49e8-b590-7b87b337042a | Y38: a34c754d-7b25-479b-80bc-31fe79bff586 | Z38: TRUE | AB38: 60000
A39: CEMENT | B39: W | C39: NCJW | D39: 1 | E39: JF01 | F39: Crusher | G39: Crusher | H39: Component | I39: PV | J39: Temperature | K39: LS CRSHRBEARING TEMP-DE | L39: deg C | M39: B_RTD120 | N39: Crusher | O39: B_RTD120 | P39: W-NCJW1-CR1-T-PV-B_RTD120 | Q39: 0 | R39: 150 | S39: TBD | T39: TBD | U39: 60 | V39: opc.tcp://10.5.16.43:26080 | W39: ns=2;s=1:B_RTD120?Value | X39: 393c3895-90f8-40bb-b2e8-ea44dbc33505 | Y39: a34c754d-7b25-479b-80bc-31fe79bff586 | Z39: TRUE | AB39: 60000
A40: CEMENT | B40: W | C40: NCJW | D40: 1 | E40: JF01 | F40: Crusher | G40: Crusher | H40: Component | I40: PV | J40: Temperature | K40: LS CRSHRBEARING TEMP-NDE | L40: deg C | M40: B_RTD130 | N40: Crusher | O40: B_RTD130 | P40: W-NCJW1-CR1-T-PV-B_RTD130 | Q40: 0 | R40: 150 | S40: TBD | T40: TBD | U40: 60 | V40: opc.tcp://10.5.16.43:26080 | W40: ns=2;s=1:B_RTD130?Value | X40: e86d05ec-4db9-4b42-8864-28dc4f141b56 | Y40: a34c754d-7b25-479b-80bc-31fe79bff586 | Z40: TRUE | AB40: 60000
A41: CEMENT | B41: W | C41: NCJW | D41: 1 | E41: JF01 | F41: Crusher | G41: Crusher | H41: Component | I41: PV | J41: Temperature | K41: LS CRSHR MOTORBEARING TEMP-DE | L41: deg C | M41: B_RTD140 | N41: Crusher | O41: B_RTD140 | P41: W-NCJW1-CR1-T-PV-B_RTD140 | Q41: 0 | R41: 150 | S41: TBD | T41: TBD | U41: 60 | V41: opc.tcp://10.5.16.43:26080 | W41: ns=2;s=1:B_RTD140?Value | X41: 7f228ac7-1982-4dd8-bc19-1f39b1014e70 | Y41: a34c754d-7b25-479b-80bc-31fe79bff586 | Z41: TRUE | AB41: 60000
A42: CEMENT | B42: W | C42: NCJW | D42: 1 | E42: JF01 | F42: Crusher | G42: Crusher | H42: Component | I42: PV | J42: Temperature | K42: LS CRSHR MOTORBEARING TEMP-NDE | L42: deg C | M42: B_RTD150 | N42: Crusher | O42: B_RTD150 | P42: W-NCJW1-CR1-T-PV-B_RTD150 | Q42: 0 | R42: 150 | S42: TBD | T42: TBD | U42: 60 | V42: opc.tcp://10.5.16.43:26080 | W42: ns=2;s=1:B_RTD150?Value | X42: 52aee5fa-9168-4714-9b32-e2053458bddc | Y42: a34c754d-7b25-479b-80bc-31fe79bff586 | Z42: TRUE | AB42: 60000
A43: CEMENT | B43: W | C43: NCJW | D43: 1 | E43: JF01 | F43: Crusher | G43: Crusher | H43: Component | I43: PV | J43: Temperature | K43: LS CRSHR MOTORWDG TEMP-1 | L43: deg C | M43: B_RTD160 | N43: Crusher | O43: B_RTD160 | P43: W-NCJW1-CR1-T-PV-B_RTD160 | Q43: 0 | R43: 150 | S43: TBD | T43: TBD | U43: 60 | V43: opc.tcp://10.5.16.43:26080 | W43: ns=2;s=1:B_RTD160?Value | X43: b848acc7-9581-434d-ad0c-2f1e33aa706d | Y43: a34c754d-7b25-479b-80bc-31fe79bff586 | Z43: TRUE | AB43: 60000
A44: CEMENT | B44: W | C44: NCJW | D44: 1 | E44: JF01 | F44: Crusher | G44: Crusher | H44: Component | I44: PV | J44: Temperature | K44: LS CRSHR MOTORWDG TEMP-2 | L44: deg C | M44: B_RTD170 | N44: Crusher | O44: B_RTD170 | P44: W-NCJW1-CR1-T-PV-B_RTD170 | Q44: 0 | R44: 150 | S44: TBD | T44: TBD | U44: 60 | V44: opc.tcp://10.5.16.43:26080 | W44: ns=2;s=1:B_RTD170?Value | X44: f6fe59ee-c07c-4a98-92f0-186907a16c9e | Y44: a34c754d-7b25-479b-80bc-31fe79bff586 | Z44: TRUE | AB44: 60000
A45: CEMENT | B45: W | C45: NCJW | D45: 1 | E45: JF01 | F45: Crusher | G45: Crusher | H45: Component | I45: PV | J45: Temperature | K45: LS CRSHR MOTORWDG TEMP-3 | L45: deg C | M45: B_RTD180 | N45: Crusher | O45: B_RTD180 | P45: W-NCJW1-CR1-T-PV-B_RTD180 | Q45: 0 | R45: 150 | S45: TBD | T45: TBD | U45: 60 | V45: opc.tcp://10.5.16.43:26080 | W45: ns=2;s=1:B_RTD180?Value | X45: 6fa6912b-36f1-45d8-8b11-b2b5c1cf7fd4 | Y45: a34c754d-7b25-479b-80bc-31fe79bff586 | Z45: TRUE | AB45: 60000
A46: CEMENT | B46: W | C46: NCJW | D46: 1 | E46: JF01 | F46: Crusher | G46: Crusher | H46: Component | I46: PV | J46: Temperature | K46: LS CRSHR MOTORWDG TEMP-4 | L46: deg C | M46: B_RTD190 | N46: Crusher | O46: B_RTD190 | P46: W-NCJW1-CR1-T-PV-B_RTD190 | Q46: 0 | R46: 150 | S46: TBD | T46: TBD | U46: 60 | V46: opc.tcp://10.5.16.43:26080 | W46: ns=2;s=1:B_RTD190?Value | X46: b70f5cf9-1e24-4893-9356-4a4a0e1afe43 | Y46: a34c754d-7b25-479b-80bc-31fe79bff586 | Z46: TRUE | AB46: 60000
A47: CEMENT | B47: W | C47: NCJW | D47: 1 | E47: JF01 | F47: Crusher | G47: Crusher | H47: Component | I47: PV | J47: Temperature | K47: LS CRSHR MOTORWDG TEMP-5 | L47: deg C | M47: B_RTD200 | N47: Crusher | O47: B_RTD200 | P47: W-NCJW1-CR1-T-PV-B_RTD200 | Q47: 0 | R47: 150 | S47: TBD | T47: TBD | U47: 60 | V47: opc.tcp://10.5.16.43:26080 | W47: ns=2;s=1:B_RTD200?Value | X47: aedd9cd8-2488-4cea-8ef8-1a7231f3a865 | Y47: a34c754d-7b25-479b-80bc-31fe79bff586 | Z47: TRUE | AB47: 60000
A48: CEMENT | B48: W | C48: NCJW | D48: 1 | E48: JF01 | F48: Crusher | G48: Crusher | H48: Component | I48: PV | J48: Temperature | K48: LS CRSHR MOTORWDG TEMP-6 | L48: deg C | M48: B_RTD210 | N48: Crusher | O48: B_RTD210 | P48: W-NCJW1-CR1-T-PV-B_RTD210 | Q48: 0 | R48: 150 | S48: TBD | T48: TBD | U48: 60 | V48: opc.tcp://10.5.16.43:26080 | W48: ns=2;s=1:B_RTD210?Value | X48: 5371619b-7a05-4ade-8cc7-157b8b124a06 | Y48: a34c754d-7b25-479b-80bc-31fe79bff586 | Z48: TRUE | AB48: 60000
A49: CEMENT | B49: W | C49: NCJW | D49: 1 | E49: JF01 | F49: Crusher | G49: Crusher | H49: Weigh Feeder | I49: PV | J49: Temperature | K49: SCALPING FDR OIL TEMP | L49: deg C | M49: B_RTD220 | N49: Crusher | O49: B_RTD220 | P49: W-NCJW1-CR1-T-PV-B_RTD220 | Q49: 0 | R49: 150 | S49: TBD | T49: TBD | U49: 60 | V49: opc.tcp://10.5.16.43:26080 | W49: ns=2;s=1:B_RTD220?Value | X49: 7169ff70-ba82-4081-9a97-d31c3b06ad7f | Y49: a34c754d-7b25-479b-80bc-31fe79bff586 | AB49: 60000
A50: CEMENT | B50: W | C50: NCJW | D50: 1 | E50: JF01 | F50: Crusher | G50: Reclaimer | H50: Other | I50: PV | J50: Time | K50: RECLAIMER_RUN_HOUR | L50: hr | M50: RECL_LS_RH | N50: Crusher | O50: RECL_LS_RH | P50: W-NCJW1-CR1-TI-PV-RECL_LS_RH | Q50: 0 | R50: 100 | S50: TBD | T50: TBD | U50: 60 | V50: opc.tcp://10.5.16.43:26080 | W50: ns=2;s=1:RECL_LS_RH?Value | X50: 27ab4317-e89b-467e-bfd3-d46e6e724a95 | Y50: a34c754d-7b25-479b-80bc-31fe79bff586 | AB50: 60000
A51: CEMENT | B51: W | C51: NCJW | D51: 1 | E51: JF01 | F51: Crusher | G51: Stacker | H51: Other | I51: PV | J51: Time | K51: STACKER_RUNHR | L51: hr | M51: STACKER_RUNHR | N51: Crusher | O51: STACKER_RUNHR | P51: W-NCJW1-CR1-TI-PV-STACKER_RUNHR | Q51: 0 | R51: 100 | S51: TBD | T51: TBD | U51: 60 | V51: opc.tcp://10.5.16.43:26080 | W51: ns=2;s=1:STACKER_RUNHR?Value | X51: 7d6c04e4-9027-43a9-8190-be7c99381eeb | Y51: a34c754d-7b25-479b-80bc-31fe79bff586 | AB51: 60000
A52: CEMENT | B52: W | C52: NCJW | D52: 1 | E52: JF01 | F52: Crusher | G52: Reclaimer | H52: Other | I52: PV | J52: Count | K52: RECLAIMER MICRO TIME | L52: sec | M52: MICRO_TIME | N52: Crusher | O52: MICRO_TIME | P52: W-NCJW1-MH1-C-PV-MICRO_TIME | Q52: 0 | R52: 100 | S52: TBD | T52: TBD | U52: 60 | V52: opc.tcp://10.5.16.43:26080 | W52: ns=2;s=1:MICRO_TIME?Value | X52: a9697fa0-a225-481e-afde-b24a4eeb9226 | Y52: a34c754d-7b25-479b-80bc-31fe79bff586 | Z52: TRUE | AB52: 60000
A53: CEMENT | B53: W | C53: NCJW | D53: 1 | E53: JF01 | F53: Crusher | G53: Reclaimer | H53: Other | I53: PV | J53: Current | K53: RECLAIMER MCC CURRENT | L53: amp | M53: RECLAIMER MCC CURRENT | N53: Crusher | O53: RECLAIMER MCC CURRENT | P53: W-NCJW1-MH1-I-PV-RECLAIMER MCC CURRENT | Q53: 0 | R53: 400 | S53: TBD | T53: TBD | U53: 60 | V53: opc.tcp://10.5.16.43:26080 | W53: ns=2;s=1:RECLAIMER MCC CURRENT?Value | X53: 0165acf7-90fd-4e72-9aef-0ff2cfbfec20 | Y53: a34c754d-7b25-479b-80bc-31fe79bff586 | AB53: 60000
A54: CEMENT | B54: W | C54: NCJW | D54: 1 | E54: JF01 | F54: Crusher | G54: Reclaimer | H54: Other | I54: PV | J54: Current | K54: RECLAIMER BUCKET WHEEL AMP | L54: amp | M54: REC_BW_AMPS | N54: Crusher | O54: REC_BW_AMPS | P54: W-NCJW1-MH1-I-PV-REC_BW_AMPS | Q54: 0 | R54: 100 | S54: TBD | T54: TBD | U54: 60 | V54: opc.tcp://10.5.16.43:26080 | W54: ns=2;s=1:REC_BW_AMPS?Value | X54: 8063519c-4148-4320-b9ba-9634a2831354 | Y54: a34c754d-7b25-479b-80bc-31fe79bff586 | AB54: 60000
A55: CEMENT | B55: W | C55: NCJW | D55: 1 | E55: JF01 | F55: Crusher | G55: Reclaimer | H55: VFD | I55: PV | J55: Current | K55: RECLAIMER CT VFD CURRENT | L55: amp | M55: REC_CT_VFD_CURRENT | N55: Crusher | O55: REC_CT_VFD_CURRENT | P55: W-NCJW1-MH1-I-PV-REC_CT_VFD_CURRENT | Q55: 0 | R55: 20 | S55: TBD | T55: TBD | U55: 60 | V55: opc.tcp://10.5.16.43:26080 | W55: ns=2;s=1:REC_CT_VFD_CURRENT?Value | X55: 576b9a86-c979-4d09-9a91-84d846a073db | Y55: a34c754d-7b25-479b-80bc-31fe79bff586 | Z55: TRUE | AB55: 60000
A56: CEMENT | B56: W | C56: NCJW | D56: 1 | E56: JF01 | F56: Crusher | G56: Stacker | H56: Other | I56: PV | J56: Current | K56: STACKER AMPS | L56: amp | M56: STKR_AMPS | N56: Crusher | O56: STKR_AMPS | P56: W-NCJW1-MH1-I-PV-STKR_AMPS | Q56: 0 | R56: 100 | S56: TBD | T56: TBD | U56: 60 | V56: opc.tcp://10.5.16.43:26080 | W56: ns=2;s=1:STKR_AMPS?Value | X56: 568c8243-f075-4e7c-bb85-c80e5c3c50c0 | Y56: a34c754d-7b25-479b-80bc-31fe79bff586 | Z56: TRUE | AB56: 60000
A57: CEMENT | B57: W | C57: NCJW | D57: 1 | E57: JF01 | F57: Crusher | G57: Stacker | H57: Other | I57: PV | J57: Level | K57: STACKER RADAR LEVEL | L57: meter | M57: RADAR_DIST_EU | N57: Crusher | O57: RADAR_DIST_EU | P57: W-NCJW1-MH1-L-PV-RADAR_DIST_EU | Q57: 0 | R57: 20 | S57: TBD | T57: TBD | U57: 60 | V57: opc.tcp://10.5.16.43:26080 | W57: ns=2;s=1:RADAR_DIST_EU?Value | X57: 7df90bd6-d28a-42d0-8faf-10418be85b89 | Y57: a34c754d-7b25-479b-80bc-31fe79bff586 | Z57: TRUE | AB57: 60000
A58: CEMENT | B58: W | C58: NCJW | D58: 1 | E58: JF01 | F58: Crusher | G58: Reclaimer | H58: Other | I58: PV | J58: Level | K58: RECLAIMER METERAGE | L58: meter | M58: RECL_DISTANCE | N58: Crusher | O58: RECL_DISTANCE | P58: W-NCJW1-MH1-L-PV-RECL_DISTANCE | Q58: 0 | R58: 225 | S58: TBD | T58: TBD | U58: 60 | V58: opc.tcp://10.5.16.43:26080 | W58: ns=2;s=1:RECL_DISTANCE?Value | X58: 0488282a-5fbd-408a-87ef-ce7228f3040d | Y58: a34c754d-7b25-479b-80bc-31fe79bff586 | Z58: TRUE | AB58: 60000
A59: CEMENT | B59: W | C59: NCJW | D59: 1 | E59: JF01 | F59: Crusher | G59: Stacker | H59: Other | I59: PV | J59: Level | K59: STACKER METERAGE | L59: meter | M59: STKR_DISTANCE | N59: Crusher | O59: STKR_DISTANCE | P59: W-NCJW1-MH1-L-PV-STKR_DISTANCE | Q59: 0 | R59: 225 | S59: TBD | T59: TBD | U59: 60 | V59: opc.tcp://10.5.16.43:26080 | W59: ns=2;s=1:STKR_DISTANCE?Value | X59: 623ca275-5a0e-4188-a5cb-f6f83ad4ea7c | Y59: a34c754d-7b25-479b-80bc-31fe79bff586 | AB59: 60000
A60: CEMENT | B60: W | C60: NCJW | D60: 1 | E60: JF01 | F60: Crusher | G60: Reclaimer | H60: VFD | I60: PV | J60: Speed | K60: RECLAIMER CT VFD SETPOINT | L60: % | M60: REC_CT_VFD_SP | N60: Crusher | O60: REC_CT_VFD_SP | P60: W-NCJW1-MH1-R-PV-REC_CT_VFD_SP | Q60: 0 | R60: 100 | S60: TBD | T60: TBD | U60: 60 | V60: opc.tcp://10.5.16.43:26080 | W60: ns=2;s=1:REC_CT_VFD_SP?Value | X60: b160e924-823f-47be-b5e9-2d550a92a0ef | Y60: a34c754d-7b25-479b-80bc-31fe79bff586 | AB60: 60000
A61: CEMENT | B61: W | C61: NCJW | D61: 1 | E61: JF01 | F61: Crusher | G61: Reclaimer | H61: VFD | I61: PV | J61: Speed | K61: RECLAIMER CT VFD SPEED | L61: % | M61: REC_CT_VFD_SPD | N61: Crusher | O61: REC_CT_VFD_SPD | P61: W-NCJW1-MH1-R-PV-REC_CT_VFD_SPD | Q61: 0 | R61: 100 | S61: TBD | T61: TBD | U61: 60 | V61: opc.tcp://10.5.16.43:26080 | W61: ns=2;s=1:REC_CT_VFD_SPD?Value | X61: f90abf49-4563-46c7-8f9e-d0ee10427c41 | Y61: a34c754d-7b25-479b-80bc-31fe79bff586 | AB61: 60000
A62: CEMENT | B62: W | C62: NCJW | D62: 1 | E62: JF01 | F62: Coal Mill | G62: Mill | H62: Other | I62: PV | J62: Count | K62: MD140 RUN HR PETCOKE/COAL | L62: hr | M62: 462MD140_RH_DAY_PETCOAL | N62: Coal Mill | O62: 462MD140_RH_DAY_PETCOAL | P62: W-NCJW1-KM1-C-PV-462MD140_RH_DAY_PETCOAL | Q62: 0 | R62: 24 | S62: TBD | T62: TBD | U62: 60 | V62: opc.tcp://10.5.16.43:26080 | W62: ns=2;s=1:462MD140_RH_DAY_PETCOAL?Value | X62: 0757ab91-92ab-4d56-9463-ba49294a8825 | Y62: a34c754d-7b25-479b-80bc-31fe79bff586 | AB62: 60000
A63: CEMENT | B63: W | C63: NCJW | D63: 1 | E63: JF01 | F63: Coal Mill | G63: Mill | H63: Main Equipment | I63: PV | J63: Count | K63: F108 CO GA TRIP DELAY | L63: sec | M63: F108GA_TRIP_DELAY | N63: Coal Mill | O63: F108GA_TRIP_DELAY | P63: W-NCJW1-KM1-C-PV-F108GA_TRIP_DELAY | Q63: 0 | R63: 100 | S63: TBD | T63: TBD | U63: 60 | V63: opc.tcp://10.5.16.43:26080 | W63: ns=2;s=1:F108GA_TRIP_DELAY?Value | X63: 4e1f8b9e-8843-4022-adea-a23988b9c1b5 | Y63: a34c754d-7b25-479b-80bc-31fe79bff586 | AB63: 60000
A64: CEMENT | B64: W | C64: NCJW | D64: 1 | E64: JF01 | F64: Coal Mill | G64: Mill | H64: Duct | I64: PV | J64: Pressure | K64: Coal Mill, Mill outlet Pres | L64: mmWC | M64: 462RM100_N04P01 | N64: Coal Mill | O64: 462RM100_N04P01 | P64: W-NCJW1-KM1-DR-PV-462RM100_N04P01 | Q64: 0 | R64: 800 | S64: TBD | T64: TBD | U64: 60 | V64: opc.tcp://10.5.16.43:26080 | W64: ns=2;s=1:462RM100_N04P01?Value | X64: 28fa456a-24bd-4954-8cda-2fc5b2a8b30f | Y64: a34c754d-7b25-479b-80bc-31fe79bff586 | Z64: TRUE | AB64: 60000
A65: CEMENT | B65: W | C65: NCJW | D65: 1 | E65: JF01 | F65: Coal Mill | G65: KM-Feeding | H65: Weigh Feeder | I65: SP | J65: Flow | K65: Weigh Feeder 2 Flow Set Point (TPH) (Aus/Moz) | L65: TPH | M65: 462WF045PID_SPM | N65: Coal Mill | O65: 462WF045PID_SPM | P65: W-NCJW1-KM1-F-CSP-462WF045PID_SPM | Q65: 0 | R65: 86 | U65: 60 | V65: opc.tcp://10.5.16.43:26080 | W65: ns=2;s=1:462WF045PID_SPM?Value | X65: 286c54e1-a6ed-4ecb-84ce-acc8a77d1388 | Y65: a34c754d-7b25-479b-80bc-31fe79bff586 | AB65: 60000
A66: CEMENT | B66: W | C66: NCJW | D66: 1 | E66: JF01 | F66: Coal Mill | G66: KM-Feeding | H66: Weigh Feeder | I66: SP | J66: Flow | K66: Weigh Feeder 1 Flow Set Point (TPH) (petcoke) | L66: TPH | M66: 462WF065PID_SPA | N66: Coal Mill | O66: 462WF065PID_SPA | P66: W-NCJW1-KM1-F-CSP-462WF065PID_SPA | Q66: 0 | R66: 86 | U66: 60 | V66: opc.tcp://10.5.16.43:26080 | W66: ns=2;s=1:462WF065PID_SPA?Value | X66: cf179580-3a22-4be5-a107-a9ef9f078b8e | Y66: dea8ae78-b478-4a12-aa33-6f0a68fcac1c | AB66: 60000
A67: CEMENT | B67: W | C67: NCJW | D67: 1 | E67: JF01 | F67: Coal Mill | G67: KM-Feeding | H67: Screw Conveyor | I67: SP | J67: Flow | K67: SF631 SETPOINT TO DRIVE FB PC | L67: TPH | M67: 462SF631_SETPOINT_DISP | N67: Coal Mill | O67: 462SF631_SETPOINT_DISP | P67: W-NCJW1-KM1-F-FSP-462SF631_SETPOINT_DISP | Q67: 0 | R67: 10 | S67: TBD | T67: TBD | U67: 60 | V67: opc.tcp://10.5.16.43:26080 | W67: ns=2;s=1:462SF631_SETPOINT_DISP?Value | X67: 31f9bb43-f9a1-4958-91b5-426d49d96a26 | Y67: a34c754d-7b25-479b-80bc-31fe79bff586 | AB67: 60000
A68: CEMENT | B68: W | C68: NCJW | D68: 1 | E68: JF01 | F68: Coal Mill | G68: KM-Feeding | H68: Screw Conveyor | I68: SP | J68: Flow | K68: 462SF781 SETPOINT TO DRIVE FB C | L68: TPH | M68: 462SF781_SETPOINT_DISP | N68: Coal Mill | O68: 462SF781_SETPOINT_DISP | P68: W-NCJW1-KM1-F-FSP-462SF781_SETPOINT_DISP | Q68: 0 | R68: 100 | S68: TBD | T68: TBD | U68: 60 | V68: opc.tcp://10.5.16.43:26080 | W68: ns=2;s=1:462SF781_SETPOINT_DISP?Value | X68: 2e8ec42c-aaec-40f5-a2b8-a69071730c7b | Y68: a34c754d-7b25-479b-80bc-31fe79bff586 | AB68: 60000
A69: CEMENT | B69: W | C69: NCJW | D69: 1 | E69: JF01 | F69: Coal Mill | G69: KM-Feeding | H69: Weigh Feeder | I69: PV | J69: Flow | K69: SFM fine coal-2, Coal Flow Rate | L69: TPH | M69: 462FM790_A01F01 | N69: Coal Mill | O69: 462FM790_A01F01 | P69: W-NCJW1-KM1-F-PV-462FM790_A01F01 | Q69: 0 | R69: 50 | S69: TBD | T69: TBD | U69: 60 | V69: opc.tcp://10.5.16.43:26080 | W69: ns=2;s=1:462FM790_A01F01?Value | X69: 402c6e8f-4af5-4ef5-8040-001b7b1e823c | Y69: a34c754d-7b25-479b-80bc-31fe79bff586 | Z69: TRUE | AB69: 60000
A70: CEMENT | B70: W | C70: NCJW | D70: 1 | E70: JF01 | F70: Coal Mill | G70: Mill | H70: Component | I70: PV | J70: Flow | K70: Grinding, Roller1SupplyLine Flow | L70: % | M70: 462LQ120A_R1FRX | N70: Coal Mill | O70: 462LQ120A_R1FRX | P70: W-NCJW1-KM1-F-PV-462LQ120A_R1FRX | Q70: 0 | R70: 100 | S70: TBD | T70: TBD | U70: 60 | V70: opc.tcp://10.5.16.43:26080 | W70: ns=2;s=1:462LQ120A_R1FRX?Value | X70: 4ad758fd-3938-46f2-ac7f-7e0cec9d3e0c | Y70: a34c754d-7b25-479b-80bc-31fe79bff586 | AB70: 60000
A71: CEMENT | B71: W | C71: NCJW | D71: 1 | E71: JF01 | F71: Coal Mill | G71: Mill | H71: Component | I71: PV | J71: Flow | K71: Grinding, Roller2SupplyLine Flow | L71: % | M71: 462LQ120A_R2FRX | N71: Coal Mill | O71: 462LQ120A_R2FRX | P71: W-NCJW1-KM1-F-PV-462LQ120A_R2FRX | Q71: 0 | R71: 100 | S71: TBD | T71: TBD | U71: 60 | V71: opc.tcp://10.5.16.43:26080 | W71: ns=2;s=1:462LQ120A_R2FRX?Value | X71: 2cd7376c-ee66-4128-bc0d-2496c765a807 | Y71: a34c754d-7b25-479b-80bc-31fe79bff586 | AB71: 60000
A72: CEMENT | B72: W | C72: NCJW | D72: 1 | E72: JF01 | F72: Coal Mill | G72: Mill | H72: Component | I72: PV | J72: Flow | K72: Grinding, Roller2SupplyLine Flow | L72: % | M72: 462LQ120A_R2FSX | N72: Coal Mill | O72: 462LQ120A_R2FSX | P72: W-NCJW1-KM1-F-PV-462LQ120A_R2FSX | Q72: 0 | R72: 100 | S72: TBD | T72: TBD | U72: 60 | V72: opc.tcp://10.5.16.43:26080 | W72: ns=2;s=1:462LQ120A_R2FSX?Value | X72: 32c45364-a679-463d-924f-4255eb0caf9f | Y72: a34c754d-7b25-479b-80bc-31fe79bff586 | AB72: 60000
A73: CEMENT | B73: W | C73: NCJW | D73: 1 | E73: JF01 | F73: Coal Mill | G73: Mill | H73: Component | I73: PV | J73: Flow | K73: Grinding, Roller3SupplyLine Flow | L73: % | M73: 462LQ120A_R3FRX | N73: Coal Mill | O73: 462LQ120A_R3FRX | P73: W-NCJW1-KM1-F-PV-462LQ120A_R3FRX | Q73: 0 | R73: 100 | S73: TBD | T73: TBD | U73: 60 | V73: opc.tcp://10.5.16.43:26080 | W73: ns=2;s=1:462LQ120A_R3FRX?Value | X73: d852cc31-49a0-4d91-b85c-bacf42928ac9 | Y73: a34c754d-7b25-479b-80bc-31fe79bff586 | AB73: 60000
A74: CEMENT | B74: W | C74: NCJW | D74: 1 | E74: JF01 | F74: Coal Mill | G74: Mill | H74: Component | I74: PV | J74: Flow | K74: Grinding, Roller3SupplyLine Flow | L74: % | M74: 462LQ120A_R3FSX | N74: Coal Mill | O74: 462LQ120A_R3FSX | P74: W-NCJW1-KM1-F-PV-462LQ120A_R3FSX | Q74: 0 | R74: 100 | S74: TBD | T74: TBD | U74: 60 | V74: opc.tcp://10.5.16.43:26080 | W74: ns=2;s=1:462LQ120A_R3FSX?Value | X74: 5570cfa7-fb04-41db-acbd-e86156e61506 | Y74: a34c754d-7b25-479b-80bc-31fe79bff586 | AB74: 60000
A75: CEMENT | B75: W | C75: NCJW | D75: 1 | E75: JF01 | F75: Coal Mill | G75: KM-Utility | H75: Other | I75: PV | J75: Flow | K75: Grinding, RETURN OIL FLOW PV | L75: % | M75: 462LQ145A_RETFLX | N75: Coal Mill | O75: 462LQ145A_RETFLX | P75: W-NCJW1-KM1-F-PV-462LQ145A_RETFLX | Q75: 0 | R75: 100 | S75: TBD | T75: TBD | U75: 60 | V75: opc.tcp://10.5.16.43:26080 | W75: ns=2;s=1:462LQ145A_RETFLX?Value | X75: 065c47a7-c5f7-4ab2-a82a-cdceb433ebfe | Y75: a34c754d-7b25-479b-80bc-31fe79bff586 | AB75: 60000
A76: CEMENT | B76: W | C76: NCJW | D76: 1 | E76: JF01 | F76: Coal Mill | G76: KM-Utility | H76: Other | I76: PV | J76: Flow | K76: Grinding, SUPPLY OIL FLOW PV | L76: % | M76: 462LQ145A_SUPFLX | N76: Coal Mill | O76: 462LQ145A_SUPFLX | P76: W-NCJW1-KM1-F-PV-462LQ145A_SUPFLX | Q76: 0 | R76: 100 | S76: TBD | T76: TBD | U76: 60 | V76: opc.tcp://10.5.16.43:26080 | W76: ns=2;s=1:462LQ145A_SUPFLX?Value | X76: 9a24cda0-74e0-4e16-8005-c60fe0c26a39 | Y76: a34c754d-7b25-479b-80bc-31fe79bff586 | AB76: 60000
A77: CEMENT | B77: W | C77: NCJW | D77: 1 | E77: JF01 | F77: Coal Mill | G77: KM-Controller | H77: PID | I77: PV | J77: Flow | K77: PID FOR SOLID SCREW FDR SPD | L77: TPH | M77: 462SF581PID_SPA | N77: Coal Mill | O77: 462SF581PID_SPA | P77: W-NCJW1-KM1-F-PV-462SF581PID_SPA | Q77: 0 | R77: 100 | S77: TBD | T77: TBD | U77: 60 | V77: opc.tcp://10.5.16.43:26080 | W77: ns=2;s=1:462SF581PID_SPA?Value | X77: e49fdf55-7976-4e16-95de-1c729649e13d | Y77: a34c754d-7b25-479b-80bc-31fe79bff586 | AB77: 60000
A78: CEMENT | B78: W | C78: NCJW | D78: 1 | E78: JF01 | F78: Coal Mill | G78: KM-Controller | H78: PID | I78: PV | J78: Flow | K78: 462SF631PID_N_SPA | L78: TPH | M78: 462SF631PID_N_SPA | N78: Coal Mill | O78: 462SF631PID_N_SPA | P78: W-NCJW1-KM1-F-PV-462SF631PID_N_SPA | Q78: 0 | R78: 100 | S78: TBD | T78: TBD | U78: 60 | V78: opc.tcp://10.5.16.43:26080 | W78: ns=2;s=1:462SF631PID_N_SPA?Value | X78: de192319-2490-41b4-9f70-2e12e4245636 | Y78: a34c754d-7b25-479b-80bc-31fe79bff586 | AB78: 60000
A79: CEMENT | B79: W | C79: NCJW | D79: 1 | E79: JF01 | F79: Coal Mill | G79: KM-Controller | H79: PID | I79: PV | J79: Flow | K79: 462SF631PID_N_SPM | L79: TPH | M79: 462SF631PID_N_SPM | N79: Coal Mill | O79: 462SF631PID_N_SPM | P79: W-NCJW1-KM1-F-PV-462SF631PID_N_SPM | Q79: 0 | R79: 100 | S79: TBD | T79: TBD | U79: 60 | V79: opc.tcp://10.5.16.43:26080 | W79: ns=2;s=1:462SF631PID_N_SPM?Value | X79: 909c1f81-f830-41b6-befb-829eeba4f51e | Y79: a34c754d-7b25-479b-80bc-31fe79bff586 | Z79: TRUE | AB79: 60000
A80: CEMENT | B80: W | C80: NCJW | D80: 1 | E80: JF01 | F80: Coal Mill | G80: KM-Controller | H80: PID | I80: PV | J80: Flow | K80: PID FOR SOLID SCREW FEEDER SPEED | L80: TPH | M80: 462SF731PID_SPA | N80: Coal Mill | O80: 462SF731PID_SPA | P80: W-NCJW1-KM1-F-PV-462SF731PID_SPA | Q80: 0 | R80: 100 | S80: TBD | T80: TBD | U80: 60 | V80: opc.tcp://10.5.16.43:26080 | W80: ns=2;s=1:462SF731PID_SPA?Value | X80: bd18facf-bb85-4e23-9b45-decbb8eaa46a | Y80: a34c754d-7b25-479b-80bc-31fe79bff586 | Z80: TRUE | AB80: 60000
A81: CEMENT | B81: W | C81: NCJW | D81: 1 | E81: JF01 | F81: Coal Mill | G81: KM-Controller | H81: PID | I81: PV | J81: Flow | K81: PID FOR SOLID SCREW FEEDER SPEED | L81: TPH | M81: 462SF781PID_SPA | N81: Coal Mill | O81: 462SF781PID_SPA | P81: W-NCJW1-KM1-F-PV-462SF781PID_SPA | Q81: 0 | R81: 100 | S81: TBD | T81: TBD | U81: 60 | V81: opc.tcp://10.5.16.43:26080 | W81: ns=2;s=1:462SF781PID_SPA?Value | X81: efb48c04-7c07-440b-9ea4-955d5c69bbc2 | Y81: a34c754d-7b25-479b-80bc-31fe79bff586 | AB81: 60000
A82: CEMENT | B82: W | C82: NCJW | D82: 1 | E82: JF01 | F82: Coal Mill | G82: KM-Controller | H82: PID | I82: PV | J82: Flow | K82: Weigh Feeder 2 Flow Set Point (TPH) (Aus/Moz) | L82: TPH | M82: 462WF045PID_SPM | N82: Coal Mill | O82: 462WF045PID_SPM | P82: W-NCJW1-KM1-F-PV-462WF045PID_SPM | Q82: 0 | R82: 86 | S82: TBD | T82: TBD | U82: 60 | V82: #N/A | W82: #N/A | X82: 99177a7d-f948-41d6-a2b8-9014635f49a6 | Y82: a34c754d-7b25-479b-80bc-31fe79bff586 | Z82: TRUE | AB82: #N/A
A83: CEMENT | B83: W | C83: NCJW | D83: 1 | E83: JF01 | F83: Coal Mill | G83: KM-Feeding | H83: Weigh Feeder | I83: PV | J83: Flow | K83: Weigh Feeder 2 Flow Actual (TPH) | L83: TPH | M83: 462WF045_A01F01 | N83: Coal Mill | O83: 462WF045_A01F01 | P83: W-NCJW1-KM1-F-PV-462WF045_A01F01 | Q83: 0 | R83: 86 | U83: 60 | V83: opc.tcp://10.5.16.43:26080 | W83: ns=2;s=1:462WF045_A01F01?Value | X83: ba2144eb-9861-4b84-947b-b732a097cecd | Y83: a34c754d-7b25-479b-80bc-31fe79bff586 | Z83: TRUE | AB83: 60000
A84: CEMENT | B84: W | C84: NCJW | D84: 1 | E84: JF01 | F84: Coal Mill | G84: KM-Controller | H84: PID | I84: PV | J84: Flow | K84: Weigh Feeder 1 Flow Set Point (TPH) (petcoke) | L84: TPH | M84: 462WF065PID_SPA | N84: Coal Mill | O84: 462WF065PID_SPA | P84: W-NCJW1-KM1-F-PV-462WF065PID_SPA | Q84: 0 | R84: 86 | S84: TBD | T84: TBD | U84: 60 | V84: opc.tcp://10.5.16.43:26080 | W84: ns=2;s=1:462WF065PID_SPA?Value | X84: abc11846-df5f-484f-ae43-c904e44b4d69 | Y84: a34c754d-7b25-479b-80bc-31fe79bff586 | Z84: TRUE | AB84: 60000
A85: CEMENT | B85: W | C85: NCJW | D85: 1 | E85: JF01 | F85: Coal Mill | G85: KM-Feeding | H85: Weigh Feeder | I85: PV | J85: Flow | K85: Weigh Feeder 1 Flow Actual (TPH) | L85: TPH | M85: 462WF065_A01F01 | N85: Coal Mill | O85: 462WF065_A01F01 | P85: W-NCJW1-KM1-F-PV-462WF065_A01F01 | Q85: 0 | R85: 86 | U85: 60 | V85: opc.tcp://10.5.16.43:26080 | W85: ns=2;s=1:462WF065_A01F01?Value | X85: 06b51699-6af5-4c46-a5e3-f57002cd51ec | Y85: a34c754d-7b25-479b-80bc-31fe79bff586 | Z85: TRUE | AB85: 60000
A86: CEMENT | B86: W | C86: NCJW | D86: 1 | E86: JF01 | F86: Coal Mill | G86: Mill | H86: Water Spray | I86: PV | J86: Flow | K86: Water Spray System, WaterFlowInd | L86: m2/hr | M86: 462WI130_N01F01 | N86: Coal Mill | O86: 462WI130_N01F01 | P86: W-NCJW1-KM1-F-PV-462WI130_N01F01 | Q86: 0 | R86: 100 | S86: TBD | T86: TBD | U86: 60 | V86: opc.tcp://10.5.16.43:26080 | W86: ns=2;s=1:462WI130_N01F01?Value | X86: c14e73e2-b231-44c9-9091-c13ea2813443 | Y86: a34c754d-7b25-479b-80bc-31fe79bff586 | AB86: 60000
A87: CEMENT | B87: W | C87: NCJW | D87: 1 | E87: JF01 | F87: Coal Mill | G87: KM-Utility | H87: Water Spray | I87: PV | J87: Flow | K87: Coal Water Spray Pump Flow | L87: m2/hr | M87: 462WI130_N01F02 | N87: Coal Mill | O87: 462WI130_N01F02 | P87: W-NCJW1-KM1-F-PV-462WI130_N01F02 | Q87: 0 | R87: 100 | S87: TBD | T87: TBD | U87: 60 | V87: opc.tcp://10.5.16.43:26080 | W87: ns=2;s=1:462WI130_N01F02?Value | X87: 64d80947-a094-4fd2-8f79-e458ba6ae6fd | Y87: a34c754d-7b25-479b-80bc-31fe79bff586 | Z87: TRUE | AB87: 60000
A88: CEMENT | B88: W | C88: NCJW | D88: 1 | E88: JF01 | F88: Coal Mill | G88: KM-Controller | H88: PID | I88: PV | J88: Flow | K88: COAL FEEDRATE CTRLR | L88: TPH | M88: CLM_TOT_FEED_PID_SPM | N88: Coal Mill | O88: CLM_TOT_FEED_PID_SPM | P88: W-NCJW1-KM1-F-PV-CLM_TOT_FEED_PID_SPM | Q88: 0 | R88: 100 | S88: TBD | T88: TBD | U88: 60 | V88: opc.tcp://10.5.16.43:26080 | W88: ns=2;s=1:CLM_TOT_FEED_PID_SPM?Value | X88: bb501718-4c71-498e-a7f5-3f9f990afd7a | Y88: a34c754d-7b25-479b-80bc-31fe79bff586 | AB88: 60000
A89: CEMENT | B89: W | C89: NCJW | D89: 1 | E89: JF01 | F89: Coal Mill | G89: Mill | H89: Main Equipment | I89: PV | J89: Flow | K89: COAL MILL DP MAN SP | L89: TPH | M89: CMDP_MANSP | N89: Coal Mill | O89: CMDP_MANSP | P89: W-NCJW1-KM1-F-PV-CMDP_MANSP | Q89: 0 | R89: 100 | S89: TBD | T89: TBD | U89: 60 | V89: opc.tcp://10.5.16.43:26080 | W89: ns=2;s=1:CMDP_MANSP?Value | X89: 6a0402e8-fce4-40ff-8999-2ca58bea0dc8 | Y89: a34c754d-7b25-479b-80bc-31fe79bff586 | AB89: 60000
A90: CEMENT | B90: W | C90: NCJW | D90: 1 | E90: JF01 | F90: Coal Mill | G90: KM-Controller | H90: PID | I90: PV | J90: Flow | K90: F182_1 WF CTRLR | L90: TPH | M90: F182_1_FIC602B_SPA | N90: Coal Mill | O90: F182_1_FIC602B_SPA | P90: W-NCJW1-KM1-F-PV-F182_1_FIC602B_SPA | Q90: 0 | R90: 100 | S90: TBD | T90: TBD | U90: 60 | V90: opc.tcp://10.5.16.43:26080 | W90: ns=2;s=1:F182_1_FIC602B_SPA?Value | X90: 862d6818-7fb4-4501-a7f6-5b011bbe5823 | Y90: a34c754d-7b25-479b-80bc-31fe79bff586 | AB90: 60000
A91: CEMENT | B91: W | C91: NCJW | D91: 1 | E91: JF01 | F91: Coal Mill | G91: KM-Controller | H91: PID | I91: PV | J91: Flow | K91: F182_1 WF CTRLR | L91: % | M91: F182_1_FIC602B_SPM | N91: Coal Mill | O91: F182_1_FIC602B_SPM | P91: W-NCJW1-KM1-F-PV-F182_1_FIC602B_SPM | Q91: 0 | R91: 100 | S91: TBD | T91: TBD | U91: 60 | V91: opc.tcp://10.5.16.43:26080 | W91: ns=2;s=1:F182_1_FIC602B_SPM?Value | X91: 213274fb-7e31-4f4f-b847-bfa14bc615d5 | Y91: a34c754d-7b25-479b-80bc-31fe79bff586 | AB91: 60000
A92: CEMENT | B92: W | C92: NCJW | D92: 1 | E92: JF01 | F92: Coal Mill | G92: KM-Controller | H92: PID | I92: PV | J92: Flow | K92: F182 WF CTRLR | L92: TPH | M92: F182_FIC602A_SPA | N92: Coal Mill | O92: F182_FIC602A_SPA | P92: W-NCJW1-KM1-F-PV-F182_FIC602A_SPA | Q92: 0 | R92: 100 | S92: TBD | T92: TBD | U92: 60 | V92: opc.tcp://10.5.16.43:26080 | W92: ns=2;s=1:F182_FIC602A_SPA?Value | X92: 01177598-ee76-46f5-9728-7ada8080733f | Y92: a34c754d-7b25-479b-80bc-31fe79bff586 | AB92: 60000
A93: CEMENT | B93: W | C93: NCJW | D93: 1 | E93: JF01 | F93: Coal Mill | G93: KM-Controller | H93: PID | I93: PV | J93: Flow | K93: F182 WF CTRLR | L93: % | M93: F182_FIC602A_SPM | N93: Coal Mill | O93: F182_FIC602A_SPM | P93: W-NCJW1-KM1-F-PV-F182_FIC602A_SPM | Q93: 0 | R93: 100 | S93: TBD | T93: TBD | U93: 60 | V93: opc.tcp://10.5.16.43:26080 | W93: ns=2;s=1:F182_FIC602A_SPM?Value | X93: c28a88aa-3347-45a4-9213-5fc2bb4fd1ee | Y93: a34c754d-7b25-479b-80bc-31fe79bff586 | AB93: 60000
A94: CEMENT | B94: W | C94: NCJW | D94: 1 | E94: JF01 | F94: Coal Mill | G94: KM-Feeding | H94: Weigh Feeder | I94: PV | J94: Flow | K94: F182_WEIGHFEEDER FEEDRATE | L94: TPH | M94: F_FT602A | N94: Coal Mill | O94: F_FT602A | P94: W-NCJW1-KM1-F-PV-F_FT602A | Q94: 0 | R94: 41 | S94: TBD | T94: TBD | U94: 60 | V94: opc.tcp://10.5.16.43:26080 | W94: ns=2;s=1:F_FT602A?Value | X94: d2a6ca9e-dd90-4a8c-bb78-583ff62a67d3 | Y94: a34c754d-7b25-479b-80bc-31fe79bff586 | AB94: 60000
A95: CEMENT | B95: W | C95: NCJW | D95: 1 | E95: JF01 | F95: Coal Mill | G95: KM-Feeding | H95: Weigh Feeder | I95: PV | J95: Flow | K95: F182_1_WEIGHFEEDER FEEDRATE | L95: TPH | M95: F_FT602B | N95: Coal Mill | O95: F_FT602B | P95: W-NCJW1-KM1-F-PV-F_FT602B | Q95: 0 | S95: TBD | T95: TBD | U95: 60 | V95: opc.tcp://10.5.16.43:26080 | W95: ns=2;s=1:F_FT602B?Value | X95: 3b5ede4c-82a8-46aa-8ed3-f7715fb2e7f8 | Y95: a34c754d-7b25-479b-80bc-31fe79bff586 | AB95: 60000
A96: CEMENT | B96: W | C96: NCJW | D96: 1 | E96: JF01 | F96: Coal Mill | G96: KM-Feeding | H96: Weigh Feeder | I96: PV | J96: Flow | K96: KM_Total MILL FEED PV | L96: TPH | M96: KM_Avg_FR | N96: Coal Mill | O96: KM_Avg_FR | P96: W-NCJW1-KM1-F-PV-KM_Avg_FR | Q96: 0 | R96: 120 | S96: 120 | T96: 0 | U96: 60 | V96: opc.tcp://10.5.16.43:26080 | W96: ns=3;s=ECS4251SVR02->SdrPointSvr30.EcsOpcServer.1->KM_Avg_FR.Value | X96: e3a072ac-7157-46ed-ab98-e0b4db357f89 | Y96: a34c754d-7b25-479b-80bc-31fe79bff586 | AB96: 60000
A97: CEMENT | B97: W | C97: NCJW | D97: 1 | E97: JF01 | F97: Coal Mill | G97: KM-Feeding | H97: Weigh Feeder | I97: PV | J97: Flow | K97: WF065 % SP RATIO | L97: % | M97: _462WF065_SP_RATIO | N97: Coal Mill | O97: _462WF065_SP_RATIO | P97: W-NCJW1-KM1-F-PV-_462WF065_SP_RATIO | Q97: 0 | R97: 100 | S97: TBD | T97: TBD | U97: 60 | V97: opc.tcp://10.5.16.43:26080 | W97: ns=2;s=1:_462WF065_SP_RATIO?Value | X97: cc29541d-4c4a-4a1a-9ca5-d074d0d887c5 | Y97: a34c754d-7b25-479b-80bc-31fe79bff586 | Z97: TRUE | AB97: 60000
A98: CEMENT | B98: W | C98: NCJW | D98: 1 | E98: JF01 | F98: Coal Mill | G98: KM-Feeding | H98: Weigh Feeder | I98: PV | J98: Current | K98: RF651 CURRENT | L98: amp | M98: 261RF651_M01I01 | N98: Coal Mill | O98: 261RF651_M01I01 | P98: W-NCJW1-KM1-I-PV-261RF651_M01I01 | Q98: 0 | R98: 5 | S98: TBD | T98: TBD | U98: 60 | V98: opc.tcp://10.5.16.43:26080 | W98: ns=2;s=1:261RF651_M01I01?Value | X98: a404c45d-b6cf-4866-a48d-22da88315436 | Y98: a34c754d-7b25-479b-80bc-31fe79bff586 | AB98: 60000
A99: CEMENT | B99: W | C99: NCJW | D99: 1 | E99: JF01 | F99: Coal Mill | G99: KM-Storage | H99: Bin | I99: PV | J99: Current | K99: 462AG580_1 CURRENT | L99: amp | M99: 462AG580_1_M01I01 | N99: Coal Mill | O99: 462AG580_1_M01I01 | P99: W-NCJW1-KM1-I-PV-462AG580_1_M01I01 | Q99: 0 | R99: 1000 | S99: TBD | T99: TBD | U99: 60 | V99: opc.tcp://10.5.16.43:26080 | W99: ns=2;s=1:462AG580_1_M01I01?Value | X99: 0334f4cb-24ad-49d3-bd1f-1aaa54aa285a | Y99: a34c754d-7b25-479b-80bc-31fe79bff586 | AB99: 60000
A100: CEMENT | B100: W | C100: NCJW | D100: 1 | E100: JF01 | F100: Coal Mill | G100: KM-Storage | H100: Bin | I100: PV | J100: Current | K100: 462AG580_2 CURRENT | L100: amp | M100: 462AG580_2_M01I01 | N100: Coal Mill | O100: 462AG580_2_M01I01 | P100: W-NCJW1-KM1-I-PV-462AG580_2_M01I01 | Q100: 0 | R100: 1000 | S100: TBD | T100: TBD | U100: 60 | V100: opc.tcp://10.5.16.43:26080 | W100: ns=2;s=1:462AG580_2_M01I01?Value | X100: 665bac56-5073-4e6f-9712-2d6f8c3f349c | Y100: a34c754d-7b25-479b-80bc-31fe79bff586 | AB100: 60000
...

Sheet NCJW-AlternateFuelSystem
A1: Tag Name | B1: Section | C1: Tag UID
A2: 261WF150 | B2: =VLOOKUP(A2,NCJW!M:N,2,FALSE) -> #N/A | C2: =VLOOKUP(A2,NCJW!O:P,2,FALSE) -> #N/A
A3: 261BC610 | B3: =VLOOKUP(A3,NCJW!M:N,2,FALSE) -> #N/A | C3: =VLOOKUP(A3,NCJW!O:P,2,FALSE) -> #N/A
A4: 261DPC700 | B4: =VLOOKUP(A4,NCJW!M:N,2,FALSE) -> #N/A | C4: =VLOOKUP(A4,NCJW!O:P,2,FALSE) -> #N/A
A5: HOPPER 261FY110 | B5: =VLOOKUP(A5,NCJW!M:N,2,FALSE) -> #N/A | C5: =VLOOKUP(A5,NCJW!O:P,2,FALSE) -> #N/A
A6: Calciner 6th Floor | B6: =VLOOKUP(A6,NCJW!M:N,2,FALSE) -> #N/A | C6: =VLOOKUP(A6,NCJW!O:P,2,FALSE) -> #N/A
A7: 261TI100 | B7: =VLOOKUP(A7,NCJW!M:N,2,FALSE) -> #N/A | C7: =VLOOKUP(A7,NCJW!O:P,2,FALSE) -> #N/A
A8: _261BC700_DISH_CHUTE_BLK | B8: =VLOOKUP(A8,NCJW!M:N,2,FALSE) -> #N/A | C8: =VLOOKUP(A8,NCJW!O:P,2,FALSE) -> #N/A
A9: DRIVE-3 (2,3,4) | B9: =VLOOKUP(A9,NCJW!M:N,2,FALSE) -> #N/A | C9: =VLOOKUP(A9,NCJW!O:P,2,FALSE) -> #N/A
A10: 261FY110D3_U01I01 | B10: =VLOOKUP(A10,NCJW!M:N,2,FALSE) -> PreHeater | C10: =VLOOKUP(A10,NCJW!O:P,2,FALSE) -> W-NCJW1-PH1-I-PV-261FY110D3_U01I01
A11: 261FY110D3_U01S01 | B11: =VLOOKUP(A11,NCJW!M:N,2,FALSE) -> PreHeater | C11: =VLOOKUP(A11,NCJW!O:P,2,FALSE) -> W-NCJW1-PH1-R-PV-261FY110D3_U01S01
A12: 261FY110D3_U01S11_SPM | B12: =VLOOKUP(A12,NCJW!M:N,2,FALSE) -> PreHeater | C12: =VLOOKUP(A12,NCJW!O:P,2,FALSE) -> W-NCJW1-PH1-O-PV-261FY110D3_U01S11_SPM
A13: DRIVE-2 (1,5) | B13: =VLOOKUP(A13,NCJW!M:N,2,FALSE) -> #N/A | C13: =VLOOKUP(A13,NCJW!O:P,2,FALSE) -> #N/A
... A83: _261RF711_CURRENT | B83: =VLOOKUP(A83,NCJW!M:N,2,FALSE) -> #N/A | C83: =VLOOKUP(A83,NCJW!O:P,2,FALSE) -> #N/A

Sheet NCJW-Bag House
A1: Tag Name | B1: Section | C1: Tag UID
A2: RABH Stack SOX Counter | B2: =VLOOKUP(A2,NCJW!M:N,2,FALSE) -> #N/A | C2: =VLOOKUP(A2,NCJW!O:P,2,FALSE) -> #N/A
A3: RABH_STACK_SOX_COUNTER | B3: =VLOOKUP(A3,NCJW!M:N,2,FALSE) -> #N/A | C3: =VLOOKUP(A3,NCJW!O:P,2,FALSE) -> #N/A
A4: RABH Stack Opacity Counter | B4: =VLOOKUP(A4,NCJW!M:N,2,FALSE) -> #N/A | C4: =VLOOKUP(A4,NCJW!O:P,2,FALSE) -> #N/A
A5: RABH_STACK_COUNTER | B5: =VLOOKUP(A5,NCJW!M:N,2,FALSE) -> #N/A | C5: =VLOOKUP(A5,NCJW!O:P,2,FALSE) -> #N/A
A6: RABH Stack NOX Counter | B6: =VLOOKUP(A6,NCJW!M:N,2,FALSE) -> #N/A | C6: =VLOOKUP(A6,NCJW!O:P,2,FALSE) -> #N/A
A7: RABH_STACK_NOX_COUNTER | B7: =VLOOKUP(A7,NCJW!M:N,2,FALSE) -> #N/A | C7: =VLOOKUP(A7,NCJW!O:P,2,FALSE) -> #N/A
A8: ESP_Stack_Counter | B8: =VLOOKUP(A8,NCJW!M:N,2,FALSE) -> #N/A | C8: =VLOOKUP(A8,NCJW!O:P,2,FALSE) -> #N/A
A9: FCR_YT302E_ESP_STACK_COUNTER | B9: =VLOOKUP(A9,NCJW!M:N,2,FALSE) -> #N/A | C9: =VLOOKUP(A9,NCJW!O:P,2,FALSE) -> #N/A
A10: COAL_Stack_Counter | B10: =VLOOKUP(A10,NCJW!M:N,2,FALSE) -> #N/A | C10: =VLOOKUP(A10,NCJW!O:P,2,FALSE) -> #N/A
A11: _462AM420_A01A01_COAL_STACK_COUNTER | B11: =VLOOKUP(A11,NCJW!M:N,2,FALSE) -> #N/A | C11: =VLOOKUP(A11,NCJW!O:P,2,FALSE) -> #N/A
A12: RM FAN O/L DRAFT_NEW | B12: =VLOOKUP(A12,NCJW!M:N,2,FALSE) -> #N/A | C12: =VLOOKUP(A12,NCJW!O:P,2,FALSE) -> #N/A
A13: F_TC2111_SPA | B13: =VLOOKUP(A13,NCJW!M:N,2,FALSE) -> Raw Mill | C13: =VLOOKUP(A13,NCJW!O:P,2,FALSE) -> W-NCJW1-RM1-T-CSP-F_TC2111_SPA
... A97: Dust Transport | B97: =VLOOKUP(A97,NCJW!M:N,2,FALSE) -> #N/A | C97: =VLOOKUP(A97,NCJW!O:P,2,FALSE) -> #N/A

Sheet NCJW-Cementmill
A1: Tag Name | B1: Section | C1: Tag UID
A2: NJ8008_T2_TMP | B2: =VLOOKUP(A2,NCJW!M:N,2,FALSE) -> #N/A | C2: =VLOOKUP(A2,NCJW!O:P,2,FALSE) -> #N/A
A3: NJ8010_TI | B3: =VLOOKUP(A3,NCJW!M:N,2,FALSE) -> Cooler | C3: =VLOOKUP(A3,NCJW!O:P,2,FALSE) -> W-NCJW1-CL1-T-PV-NJ8010_TI
A4: NJ_FI8054 | B4: =VLOOKUP(A4,NCJW!M:N,2,FALSE) -> Cement Mill | C4: =VLOOKUP(A4,NCJW!O:P,2,FALSE) -> W-NCJW1-CM1-F-PV-NJ_FI8054
A5: NJ_FC8054_SPA | B5: =VLOOKUP(A5,NCJW!M:N,2,FALSE) -> Cement Mill | C5: =VLOOKUP(A5,NCJW!O:P,2,FALSE) -> W-NCJW1-CM1-F-CSP-NJ_FC8054_SPA
A6: CLINKER | B6: =VLOOKUP(A6,NCJW!M:N,2,FALSE) -> #N/A | C6: =VLOOKUP(A6,NCJW!O:P,2,FALSE) -> #N/A
A7: NCM_CRUSH_BIN_LEVEL | B7: =VLOOKUP(A7,NCJW!M:N,2,FALSE) -> Cement Mill | C7: =VLOOKUP(A7,NCJW!O:P,2,FALSE) -> W-NCJW1-CM1-L-PV-NCM_CRUSH_BIN_LEVEL
A8: NCJW_CRUSH_BIN_TEMP | B8: =VLOOKUP(A8,NCJW!M:N,2,FALSE) -> Cement Mill | C8: =VLOOKUP(A8,NCJW!O:P,2,FALSE) -> W-NCJW1-CM1-T-PV-NCJW_CRUSH_BIN_TEMP
A9: NJ_FI8060 | B9: =VLOOKUP(A9,NCJW!M:N,2,FALSE) -> Cement Mill | C9: =VLOOKUP(A9,NCJW!O:P,2,FALSE) -> W-NCJW1-CM1-F-PV-NJ_FI8060
A10: NJ_FC8060_SPA | B10: =VLOOKUP(A10,NCJW!M:N,2,FALSE) -> Cement Mill | C10: =VLOOKUP(A10,NCJW!O:P,2,FALSE) -> W-NCJW1-CM1-F-CSP-NJ_FC8060_SPA
A11: J8060_LEVEL_TX | B11: =VLOOKUP(A11,NCJW!M:N,2,FALSE) -> #N/A | C11: =VLOOKUP(A11,NCJW!O:P,2,FALSE) -> #N/A
A12: GYPSUM | B12: =VLOOKUP(A12,NCJW!M:N,2,FALSE) -> #N/A | C12: =VLOOKUP(A12,NCJW!O:P,2,FALSE) -> #N/A
A13: NJ_FI8042 | B13: =VLOOKUP(A13,NCJW!M:N,2,FALSE) -> Cement Mill | C13: =VLOOKUP(A13,NCJW!O:P,2,FALSE) -> W-NCJW1-CM1-F-PV-NJ_FI8042
... A121: J8155 | B121: =VLOOKUP(A121,NCJW!M:N,2,FALSE) -> #N/A | C121: =VLOOKUP(A121,NCJW!O:P,2,FALSE) -> #N/A

Sheet NCJW-ClinketTransport
A1: Tag Name | B1: Section | C1: Tag UID
A2: F55.1 | B2: =VLOOKUP('NCJW-ClinketTransport'!A2,NCJW!M:N,2,FALSE) -> #N/A | C2: =VLOOKUP(A2,NCJW!O:P,2,FALSE) -> #N/A
A3: F62 | B3: =VLOOKUP('NCJW-ClinketTransport'!A3,NCJW!M:N,2,FALSE) -> #N/A | C3: =VLOOKUP(A3,NCJW!O:P,2,FALSE) -> #N/A
A4: F706_NEW | B4: =VLOOKUP('NCJW-ClinketTransport'!A4,NCJW!M:N,2,FALSE) -> #N/A | C4: =VLOOKUP(A4,NCJW!O:P,2,FALSE) -> #N/A
A5: F75 | B5: =VLOOKUP('NCJW-ClinketTransport'!A5,NCJW!M:N,2,FALSE) -> #N/A | C5: =VLOOKUP(A5,NCJW!O:P,2,FALSE) -> #N/A
A6: F76 | B6: =VLOOKUP('NCJW-ClinketTransport'!A6,NCJW!M:N,2,FALSE) -> #N/A | C6: =VLOOKUP(A6,NCJW!O:P,2,FALSE) -> #N/A
A7: F77 | B7: =VLOOKUP('NCJW-ClinketTransport'!A7,NCJW!M:N,2,FALSE) -> #N/A | C7: =VLOOKUP(A7,NCJW!O:P,2,FALSE) -> #N/A
A8: F78 | B8: =VLOOKUP('NCJW-ClinketTransport'!A8,NCJW!M:N,2,FALSE) -> #N/A | C8: =VLOOKUP(A8,NCJW!O:P,2,FALSE) -> #N/A
A9: Gate 3 | B9: =VLOOKUP('NCJW-ClinketTransport'!A9,NCJW!M:N,2,FALSE) -> #N/A | C9: =VLOOKUP(A9,NCJW!O:P,2,FALSE) -> #N/A
A10: Gate 2 | B10: =VLOOKUP('NCJW-ClinketTransport'!A10,NCJW!M:N,2,FALSE) -> #N/A | C10: =VLOOKUP(A10,NCJW!O:P,2,FALSE) -> #N/A
A11: Gate 4 | B11: =VLOOKUP('NCJW-ClinketTransport'!A11,NCJW!M:N,2,FALSE) -> #N/A | C11: =VLOOKUP(A11,NCJW!O:P,2,FALSE) -> #N/A
A12: F-92 Gate | B12: =VLOOKUP('NCJW-ClinketTransport'!A12,NCJW!M:N,2,FALSE) -> #N/A | C12: =VLOOKUP(A12,NCJW!O:P,2,FALSE) -> #N/A
A13: 1) DESLECT JETTY GATE F86.1, 2, 5, & 6 | B13: =VLOOKUP('NCJW-ClinketTransport'!A13,NCJW!M:N,2,FALSE) -> #N/A | C13: =VLOOKUP(A13,NCJW!O:P,2,FALSE) -> #N/A
... A27: F-202 | B27: =VLOOKUP('NCJW-ClinketTransport'!A27,NCJW!M:N,2,FALSE) -> #N/A | C27: =VLOOKUP(A27,NCJW!O:P,2,FALSE) -> #N/A
A28: N_F202_IT | B28: =VLOOKUP('NCJW-ClinketTransport'!A28,NCJW!M:N,2,FALSE) -> General | C28: =VLOOKUP(A28,NCJW!O:P,2,FALSE) -> W-NCJW1-JT1-I-PV-N_F202_IT | I28: 261WF150_A01F11_SPA
A29: F705 MOTION | B29: =VLOOKUP('NCJW-ClinketTransport'!A29,NCJW!M:N,2,FALSE) -> #N/A | C29: =VLOOKUP(A29,NCJW!O:P,2,FALSE) -> #N/A
A30: F705_CURRENT | B30: =VLOOKUP('NCJW-ClinketTransport'!A30,NCJW!M:N,2,FALSE) -> #N/A | C30: =VLOOKUP(A30,NCJW!O:P,2,FALSE) -> #N/A
A31: F705 RPM | B31: =VLOOKUP('NCJW-ClinketTransport'!A31,NCJW!M:N,2,FALSE) -> #N/A | C31: =VLOOKUP(A31,NCJW!O:P,2,FALSE) -> #N/A
A32: F705_DPC_SPEED | B32: =VLOOKUP('NCJW-ClinketTransport'!A32,NCJW!M:N,2,FALSE) -> Cooler | C32: =VLOOKUP(A32,NCJW!O:P,2,FALSE) -> W-NCJW1-CL1-R-PV-F705_DPC_SPEED
A33: F75_1_RH | B33: =VLOOKUP('NCJW-ClinketTransport'!A33,NCJW!M:N,2,FALSE) -> #N/A | C33: =VLOOKUP(A33,NCJW!O:P,2,FALSE) -> #N/A
A34: F83_1_AMPS | B34: =VLOOKUP('NCJW-ClinketTransport'!A34,NCJW!M:N,2,FALSE) -> #N/A | C34: =VLOOKUP(A34,NCJW!O:P,2,FALSE) -> #N/A
A35: F83_1_SPEED | B35: =VLOOKUP('NCJW-ClinketTransport'!A35,NCJW!M:N,2,FALSE) -> #N/A | C35: =VLOOKUP(A35,NCJW!O:P,2,FALSE) -> #N/A
A36: 471AC100N01T01 | B36: =VLOOKUP('NCJW-ClinketTransport'!A36,NCJW!M:N,2,FALSE) -> Cooler | C36: =VLOOKUP(A36,NCJW!O:P,2,FALSE) -> W-NCJW1-CL1-T-PV-471AC100N01T01
A37: F55_CURRENT | B37: =VLOOKUP('NCJW-ClinketTransport'!A37,NCJW!M:N,2,FALSE) -> Cooler | C37: =VLOOKUP(A37,NCJW!O:P,2,FALSE) -> W-NCJW1-CL1-I-PV-F55_CURRENT
A38: F55_PYRO_DISCHARGE | B38: =VLOOKUP('NCJW-ClinketTransport'!A38,NCJW!M:N,2,FALSE) -> Cooler | C38: =VLOOKUP(A38,NCJW!O:P,2,FALSE) -> W-NCJW1-CL1-T-PV-F55_PYRO_DISCHARGE
A39: Cooler | B39: =VLOOKUP('NCJW-ClinketTransport'!A39,NCJW!M:N,2,FALSE) -> #N/A | C39: =VLOOKUP(A39,NCJW!O:P,2,FALSE) -> #N/A
A40: GROUND | B40: =VLOOKUP('NCJW-ClinketTransport'!A40,NCJW!M:N,2,FALSE) -> #N/A | C40: =VLOOKUP(A40,NCJW!O:P,2,FALSE) -> #N/A
A41: Clinker | B41: =VLOOKUP('NCJW-ClinketTransport'!A41,NCJW!M:N,2,FALSE) -> #N/A | C41: =VLOOKUP(A41,NCJW!O:P,2,FALSE) -> #N/A

Sheet NCJW-Coalmill
A1: Tag Name | B1: Section | C1: Tag UID
A2: BI050_RTD1 | B2: =VLOOKUP(A2,NCJW!M:N,2,FALSE) -> #N/A | C2: =VLOOKUP(A2,NCJW!O:P,2,FALSE) -> #N/A
A3: 462LC035_A01W01 | B3: =VLOOKUP(A3,NCJW!M:N,2,FALSE) -> Coal Mill | C3: =VLOOKUP(A3,NCJW!O:P,2,FALSE) -> W-NCJW1-KM1-L-PV-462LC035_A01W01
A4: PETCOKE BI050 | B4: =VLOOKUP(A4,NCJW!M:N,2,FALSE) -> #N/A | C4: =VLOOKUP(A4,NCJW!O:P,2,FALSE) -> #N/A
A5: BI050_RTD2 | B5: =VLOOKUP(A5,NCJW!M:N,2,FALSE) -> #N/A | C5: =VLOOKUP(A5,NCJW!O:P,2,FALSE) -> #N/A
A6: BI030_RTD1 | B6: =VLOOKUP(A6,NCJW!M:N,2,FALSE) -> #N/A | C6: =VLOOKUP(A6,NCJW!O:P,2,FALSE) -> #N/A
A7: 462LC055_A01W01 | B7: =VLOOKUP(A7,NCJW!M:N,2,FALSE) -> Coal Mill | C7: =VLOOKUP(A7,NCJW!O:P,2,FALSE) -> W-NCJW1-KM1-L-PV-462LC055_A01W01
A8: MOZ BI030 | B8: =VLOOKUP(A8,NCJW!M:N,2,FALSE) -> #N/A | C8: =VLOOKUP(A8,NCJW!O:P,2,FALSE) -> #N/A
A9: BI030_RTD2 | B9: =VLOOKUP(A9,NCJW!M:N,2,FALSE) -> #N/A | C9: =VLOOKUP(A9,NCJW!O:P,2,FALSE) -> #N/A
A10: WF065 PID | B10: =VLOOKUP(A10,NCJW!M:N,2,FALSE) -> #N/A | C10: =VLOOKUP(A10,NCJW!O:P,2,FALSE) -> #N/A
A11: 462WF065_A01S01 | B11: =VLOOKUP(A11,NCJW!M:N,2,FALSE) -> Coal Mill | C11: =VLOOKUP(A11,NCJW!O:P,2,FALSE) -> W-NCJW1-KM1-R-PV-462WF065_A01S01
A12: 462WF065_N01I01 | B12: =VLOOKUP(A12,NCJW!M:N,2,FALSE) -> Coal Mill | C12: =VLOOKUP(A12,NCJW!O:P,2,FALSE) -> W-NCJW1-KM1-I-PV-462WF065_N01I01
A13: WF065_MSP | B13: =VLOOKUP(A13,NCJW!M:N,2,FALSE) -> #N/A | C13: =VLOOKUP(A13,NCJW!O:P,2,FALSE) -> #N/A
... A165: BI750_GAS_ANA_CO | B165: =VLOOKUP(A165,NCJW!M:N,2,FALSE) -> #N/A | C165: =VLOOKUP(A165,NCJW!O:P,2,FALSE) -> #N/A

Sheet NCJW-CoalMillFeeding
A1: Tag Name | B1: Section | C1: Tag UID
A2: PETCOKE HOPPER | B2: =VLOOKUP(A2,NCJW!M:N,2,FALSE) -> #N/A | C2: =VLOOKUP(A2,NCJW!O:P,2,FALSE) -> #N/A
A3: COAL HOPPER | B3: =VLOOKUP(A3,NCJW!M:N,2,FALSE) -> #N/A | C3: =VLOOKUP(A3,NCJW!O:P,2,FALSE) -> #N/A
A4: F169 | B4: =VLOOKUP(A4,NCJW!M:N,2,FALSE) -> #N/A | C4: =VLOOKUP(A4,NCJW!O:P,2,FALSE) -> #N/A
A5: F171 | B5: =VLOOKUP(A5,NCJW!M:N,2,FALSE) -> #N/A | C5: =VLOOKUP(A5,NCJW!O:P,2,FALSE) -> #N/A
A6: _F171_M01I01 | B6: =VLOOKUP(A6,NCJW!M:N,2,FALSE) -> Coal Mill | C6: =VLOOKUP(A6,NCJW!O:P,2,FALSE) -> W-NCJW1-KM1-I-PV-_F171_M01I01
A7: _F171_MACHINE_GUARD_SW | B7: =VLOOKUP(A7,NCJW!M:N,2,FALSE) -> #N/A | C7: =VLOOKUP(A7,NCJW!O:P,2,FALSE) -> #N/A
A8: F173 NEW | B8: =VLOOKUP(A8,NCJW!M:N,2,FALSE) -> #N/A | C8: =VLOOKUP(A8,NCJW!O:P,2,FALSE) -> #N/A
A9: _F173_M01I01 | B9: =VLOOKUP(A9,NCJW!M:N,2,FALSE) -> Coal Mill | C9: =VLOOKUP(A9,NCJW!O:P,2,FALSE) -> W-NCJW1-KM1-I-PV-_F173_M01I01
A10: _F173_MACHINE_GUARD_SW | B10: =VLOOKUP(A10,NCJW!M:N,2,FALSE) -> #N/A | C10: =VLOOKUP(A10,NCJW!O:P,2,FALSE) -> #N/A
A11: BC010 | B11: =VLOOKUP(A11,NCJW!M:N,2,FALSE) -> #N/A | C11: =VLOOKUP(A11,NCJW!O:P,2,FALSE) -> #N/A
A12: _BC10_MACHINE_GUARD_SW | B12: =VLOOKUP(A12,NCJW!M:N,2,FALSE) -> #N/A | C12: =VLOOKUP(A12,NCJW!O:P,2,FALSE) -> #N/A
A13: 462BC015_M01I01 | B13: =VLOOKUP(A13,NCJW!M:N,2,FALSE) -> Coal Mill | C13: =VLOOKUP(A13,NCJW!O:P,2,FALSE) -> W-NCJW1-KM1-I-PV-462BC015_M01I01
... A61: 462FN022_M01I01 | B61: =VLOOKUP(A61,NCJW!M:N,2,FALSE) -> Coal Mill | C61: =VLOOKUP(A61,NCJW!O:P,2,FALSE) -> W-NCJW1-KM1-I-PV-462FN022_M01I01

Sheet NCJW-cooler
A1: Tag Name | B1: Section | C1: Tag UID
A2: 441CC100N11T01 | B2: =VLOOKUP('NCJW-cooler'!A2,NCJW!M:N,2,FALSE) -> Cooler | C2: =VLOOKUP(A2,NCJW!O:P,2,FALSE) -> W-NCJW1-CL1-T-PV-441CC100N11T01
A3: 441CC100N21T01 | B3: =VLOOKUP('NCJW-cooler'!A3,NCJW!M:N,2,FALSE) -> Cooler | C3: =VLOOKUP(A3,NCJW!O:P,2,FALSE) -> W-NCJW1-CL1-T-PV-441CC100N21T01
A4: 441CC100N31T01 | B4: =VLOOKUP('NCJW-cooler'!A4,NCJW!M:N,2,FALSE) -> Cooler | C4: =VLOOKUP(A4,NCJW!O:P,2,FALSE) -> W-NCJW1-CL1-T-PV-441CC100N31T01
A5: 441CC100N12T01 | B5: =VLOOKUP('NCJW-cooler'!A5,NCJW!M:N,2,FALSE) -> Cooler | C5: =VLOOKUP(A5,NCJW!O:P,2,FALSE) -> W-NCJW1-CL1-T-PV-441CC100N12T01
A6: 441CC100N22T01 | B6: =VLOOKUP('NCJW-cooler'!A6,NCJW!M:N,2,FALSE) -> Cooler | C6: =VLOOKUP(A6,NCJW!O:P,2,FALSE) -> W-NCJW1-CL1-T-PV-441CC100N22T01
A7: 441CC100N32T01 | B7: =VLOOKUP('NCJW-cooler'!A7,NCJW!M:N,2,FALSE) -> Cooler | C7: =VLOOKUP(A7,NCJW!O:P,2,FALSE) -> W-NCJW1-CL1-T-PV-441CC100N32T01
A8: MD140A01S11_SP | B8: =VLOOKUP('NCJW-cooler'!A8,NCJW!M:N,2,FALSE) -> Cooler | C8: =VLOOKUP(A8,NCJW!O:P,2,FALSE) -> W-NCJW1-CL1-R-PV-MD140A01S11_SP
A9: 441FN305N02P01_PID_SPM | B9: =VLOOKUP('NCJW-cooler'!A9,NCJW!M:N,2,FALSE) -> Cooler | C9: =VLOOKUP(A9,NCJW!O:P,2,FALSE) -> W-NCJW1-CL1-O-COP-441FN305N02P01_PID_SPM
A10: MD140A01S13_SP | B10: =VLOOKUP('NCJW-cooler'!A10,NCJW!M:N,2,FALSE) -> Cooler | C10: =VLOOKUP(A10,NCJW!O:P,2,FALSE) -> W-NCJW1-CL1-R-PV-MD140A01S13_SP
A11: MD140A01S01 | B11: =VLOOKUP('NCJW-cooler'!A11,NCJW!M:N,2,FALSE) -> Cooler | C11: =VLOOKUP(A11,NCJW!O:P,2,FALSE) -> W-NCJW1-CL1-R-PV-MD140A01S01
A12: MD140A01S02 | B12: =VLOOKUP('NCJW-cooler'!A12,NCJW!M:N,2,FALSE) -> Cooler | C12: =VLOOKUP(A12,NCJW!O:P,2,FALSE) -> W-NCJW1-CL1-R-PV-MD140A01S02
A13: MD140A01S03 | B13: =VLOOKUP('NCJW-cooler'!A13,NCJW!M:N,2,FALSE) -> Cooler | C13: =VLOOKUP(A13,NCJW!O:P,2,FALSE) -> W-NCJW1-CL1-R-PV-MD140A01S03
... A205: F44_ANALG_SPEED | B205: =VLOOKUP('NCJW-cooler'!A205,NCJW!M:N,2,FALSE) -> #N/A | C205: =VLOOKUP(A205,NCJW!O:P,2,FALSE) -> #N/A

Sheet NCJW-Crusher
A1: Tag Name | B1: Section | C1: Tag UID
A2: B7 MOTOR TEMPERATURE | B2: =VLOOKUP(A2,NCJW!M:N,2,FALSE) -> #N/A | C2: =VLOOKUP(A2,NCJW!O:P,2,FALSE) -> #N/A
A3: B_RTD140 | B3: =VLOOKUP(A3,NCJW!M:N,2,FALSE) -> Crusher | C3: =VLOOKUP(A3,NCJW!O:P,2,FALSE) -> W-NCJW1-CR1-T-PV-B_RTD140
A4: B_RTD170 | B4: =VLOOKUP(A4,NCJW!M:N,2,FALSE) -> Crusher | C4: =VLOOKUP(A4,NCJW!O:P,2,FALSE) -> W-NCJW1-CR1-T-PV-B_RTD170
A5: B_RTD150 | B5: =VLOOKUP(A5,NCJW!M:N,2,FALSE) -> Crusher | C5: =VLOOKUP(A5,NCJW!O:P,2,FALSE) -> W-NCJW1-CR1-T-PV-B_RTD150
A6: B_RTD180 | B6: =VLOOKUP(A6,NCJW!M:N,2,FALSE) -> Crusher | C6: =VLOOKUP(A6,NCJW!O:P,2,FALSE) -> W-NCJW1-CR1-T-PV-B_RTD180
A7: B_RTD160 | B7: =VLOOKUP(A7,NCJW!M:N,2,FALSE) -> Crusher | C7: =VLOOKUP(A7,NCJW!O:P,2,FALSE) -> W-NCJW1-CR1-T-PV-B_RTD160
A8: B_RTD190 | B8: =VLOOKUP(A8,NCJW!M:N,2,FALSE) -> Crusher | C8: =VLOOKUP(A8,NCJW!O:P,2,FALSE) -> W-NCJW1-CR1-T-PV-B_RTD190
A9: B_RTD200 | B9: =VLOOKUP(A9,NCJW!M:N,2,FALSE) -> Crusher | C9: =VLOOKUP(A9,NCJW!O:P,2,FALSE) -> W-NCJW1-CR1-T-PV-B_RTD200
A10: B_RTD210 | B10: =VLOOKUP(A10,NCJW!M:N,2,FALSE) -> Crusher | C10: =VLOOKUP(A10,NCJW!O:P,2,FALSE) -> W-NCJW1-CR1-T-PV-B_RTD210
A11: EQUIPMENTS RUN HOUR | B11: =VLOOKUP(A11,NCJW!M:N,2,FALSE) -> #N/A | C11: =VLOOKUP(A11,NCJW!O:P,2,FALSE) -> #N/A
A12: B3 RUN HOURS | B12: =VLOOKUP(A12,NCJW!M:N,2,FALSE) -> #N/A | C12: =VLOOKUP(A12,NCJW!O:P,2,FALSE) -> #N/A
A13: B3_RUNHR | B13: =VLOOKUP(A13,NCJW!M:N,2,FALSE) -> Crusher | C13: =VLOOKUP(A13,NCJW!O:P,2,FALSE) -> W-NCJW1-CR1-C-PV-B3_RUNHR
... A108: B_FT230 | B108: =VLOOKUP(A108,NCJW!M:N,2,FALSE) -> Crusher | C108: =VLOOKUP(A108,NCJW!O:P,2,FALSE) -> W-NCJW1-CR1-F-PV-B_FT230

Sheet NCJW-Jetty
A1: Tag Name | B1: Section | C1: Tag UID
A2: RIPIK KILN COAL SELECTION | B2: =VLOOKUP(A2,NCJW!M:N,2,FALSE) -> #N/A | C2: =VLOOKUP(A2,NCJW!O:P,2,FALSE) -> #N/A
A3: FLAME FEEDBACK | B3: =VLOOKUP(A3,NCJW!M:N,2,FALSE) -> #N/A | C3: =VLOOKUP(A3,NCJW!O:P,2,FALSE) -> #N/A
A4: RIPIK_KILN_FLAME_FEEDBACK | B4: =VLOOKUP(A4,NCJW!M:N,2,FALSE) -> #N/A | C4: =VLOOKUP(A4,NCJW!O:P,2,FALSE) -> #N/A
A5: COAL CORRECTION | B5: =VLOOKUP(A5,NCJW!M:N,2,FALSE) -> #N/A | C5: =VLOOKUP(A5,NCJW!O:P,2,FALSE) -> #N/A
A6: RIPIK_KILN_COAL_CORR_VAL | B6: =VLOOKUP(A6,NCJW!M:N,2,FALSE) -> #N/A | C6: =VLOOKUP(A6,NCJW!O:P,2,FALSE) -> #N/A
A7: COAL DAY TOTALISER | B7: =VLOOKUP(A7,NCJW!M:N,2,FALSE) -> #N/A | C7: =VLOOKUP(A7,NCJW!O:P,2,FALSE) -> #N/A
A8: RIPIK_COAL _CORR_TOT | B8: =VLOOKUP(A8,NCJW!M:N,2,FALSE) -> #N/A | C8: =VLOOKUP(A8,NCJW!O:P,2,FALSE) -> #N/A
A9: COAL CORR COUNTS | B9: =VLOOKUP(A9,NCJW!M:N,2,FALSE) -> #N/A | C9: =VLOOKUP(A9,NCJW!O:P,2,FALSE) -> #N/A
A10: RIPIK_ACT_COUNT | B10: =VLOOKUP(A10,NCJW!M:N,2,FALSE) -> #N/A | C10: =VLOOKUP(A10,NCJW!O:P,2,FALSE) -> #N/A
A11: CEMS_ROOM_TEMP | B11: =VLOOKUP(A11,NCJW!M:N,2,FALSE) -> PreHeater | C11: =VLOOKUP(A11,NCJW!O:P,2,FALSE) -> W-NCJW1-PH1-T-PV-CEMS_ROOM_TEMP
A12: FIRE HYD LINE PRESS | B12: =VLOOKUP(A12,NCJW!M:N,2,FALSE) -> #N/A | C12: =VLOOKUP(A12,NCJW!O:P,2,FALSE) -> #N/A
A13: A_PT375 | B13: =VLOOKUP(A13,NCJW!M:N,2,FALSE) -> #N/A | C13: =VLOOKUP(A13,NCJW!O:P,2,FALSE) -> #N/A
... A134: A101 | B134: =VLOOKUP(A134,NCJW!M:N,2,FALSE) -> #N/A | C134: =VLOOKUP(A134,NCJW!O:P,2,FALSE) -> #N/A

Sheet NCJW-KilnMainPage
A1: Tag Name | B1: Section | C1: Tag UID
A2: KILN | B2: =VLOOKUP(A2,NCJW!M:N,2,FALSE) -> #N/A | C2: =VLOOKUP(A2,NCJW!O:P,2,FALSE) -> #N/A
A3: KILN_FILLING_PERC | B3: =VLOOKUP(A3,NCJW!M:N,2,FALSE) -> #N/A | C3: =VLOOKUP(A3,NCJW!O:P,2,FALSE) -> #N/A
A4: TEMPMaxTempKiln | B4: =VLOOKUP(A4,NCJW!M:N,2,FALSE) -> #N/A | C4: =VLOOKUP(A4,NCJW!O:P,2,FALSE) -> #N/A
A5: FEED_TO_RPM_RATIO | B5: =VLOOKUP(A5,NCJW!M:N,2,FALSE) -> #N/A | C5: =VLOOKUP(A5,NCJW!O:P,2,FALSE) -> #N/A
A6: KILN HOOD | B6: =VLOOKUP(A6,NCJW!M:N,2,FALSE) -> #N/A | C6: =VLOOKUP(A6,NCJW!O:P,2,FALSE) -> #N/A
A7: 441FN300N02P01 | B7: =VLOOKUP(A7,NCJW!M:N,2,FALSE) -> Cooler | C7: =VLOOKUP(A7,NCJW!O:P,2,FALSE) -> W-NCJW1-CL1-P-PV-441FN300N02P01
A8: 441FN305N02P01 | B8: =VLOOKUP(A8,NCJW!M:N,2,FALSE) -> Cooler | C8: =VLOOKUP(A8,NCJW!O:P,2,FALSE) -> W-NCJW1-CL1-P-PV-441FN305N02P01
A9: 441FN310N02P01 | B9: =VLOOKUP(A9,NCJW!M:N,2,FALSE) -> Cooler | C9: =VLOOKUP(A9,NCJW!O:P,2,FALSE) -> W-NCJW1-CL1-P-PV-441FN310N02P01
A10: 441FN315N02P01 | B10: =VLOOKUP(A10,NCJW!M:N,2,FALSE) -> Cooler | C10: =VLOOKUP(A10,NCJW!O:P,2,FALSE) -> W-NCJW1-CL1-P-PV-441FN315N02P01
A11: 441FN320N02P01 | B11: =VLOOKUP(A11,NCJW!M:N,2,FALSE) -> Cooler | C11: =VLOOKUP(A11,NCJW!O:P,2,FALSE) -> W-NCJW1-CL1-P-PV-441FN320N02P01
A12: 441FN325N02P01 | B12: =VLOOKUP(A12,NCJW!M:N,2,FALSE) -> Cooler | C12: =VLOOKUP(A12,NCJW!O:P,2,FALSE) -> W-NCJW1-CL1-P-PV-441FN325N02P01
A13: 441FN330N02P01 | B13: =VLOOKUP(A13,NCJW!M:N,2,FALSE) -> Cooler | C13: =VLOOKUP(A13,NCJW!O:P,2,FALSE) -> W-NCJW1-CL1-P-PV-441FN330N02P01
... A15: 1B | B15: =VLOOKUP(A15,NCJW!M:N,2,FALSE) -> #N/A | C15: =VLOOKUP(A15,NCJW!O:P,2,FALSE) -> #N/A
A16: 2 | B16: =VLOOKUP(A16,NCJW!M:N,2,FALSE) -> #N/A | C16: =VLOOKUP(A16,NCJW!O:P,2,FALSE) -> #N/A
A17: 3 | B17: =VLOOKUP(A17,NCJW!M:N,2,FALSE) -> #N/A | C17: =VLOOKUP(A17,NCJW!O:P,2,FALSE) -> #N/A
A18: 4 | B18: =VLOOKUP(A18,NCJW!M:N,2,FALSE) -> #N/A | C18: =VLOOKUP(A18,NCJW!O:P,2,FALSE) -> #N/A
A19: CAL | B19: =VLOOKUP(A19,NCJW!M:N,2,FALSE) -> #N/A | C19: =VLOOKUP(A19,NCJW!O:P,2,FALSE) -> #N/A
A20: O2 | B20: =VLOOKUP(A20,NCJW!M:N,2,FALSE) -> #N/A | C20: =VLOOKUP(A20,NCJW!O:P,2,FALSE) -> #N/A
A21: FKL_AT348A_OLD | B21: =VLOOKUP(A21,NCJW!M:N,2,FALSE) -> #N/A | C21: =VLOOKUP(A21,NCJW!O:P,2,FALSE) -> #N/A
A22: CO | B22: =VLOOKUP(A22,NCJW!M:N,2,FALSE) -> #N/A | C22: =VLOOKUP(A22,NCJW!O:P,2,FALSE) -> #N/A
A23: FKL_AT348B | B23: =VLOOKUP(A23,NCJW!M:N,2,FALSE) -> PreHeater | C23: =VLOOKUP(A23,NCJW!O:P,2,FALSE) -> W-NCJW1-PH1-Q-PV-FKL_AT348B
A24: PH_O/L_CO_SP | B24: =VLOOKUP(A24,NCJW!M:N,2,FALSE) -> PreHeater | C24: =VLOOKUP(A24,NCJW!O:P,2,FALSE) -> W-NCJW1-PH1-Q-PV-PH_O/L_CO_SP
A25: Stage 1A | B25: =VLOOKUP(A25,NCJW!M:N,2,FALSE) -> #N/A | C25: =VLOOKUP(A25,NCJW!O:P,2,FALSE) -> #N/A
A26: FKL_PT306A | B26: =VLOOKUP(A26,NCJW!M:N,2,FALSE) -> PreHeater | C26: =VLOOKUP(A26,NCJW!O:P,2,FALSE) -> W-NCJW1-PH1-DR-PV-FKL_PT306A
A27: FKL_TT317 | B27: =VLOOKUP(A27,NCJW!M:N,2,FALSE) -> PreHeater | C27: =VLOOKUP(A27,NCJW!O:P,2,FALSE) -> W-NCJW1-PH1-T-PV-FKL_TT317
A28: FKL_TT312 | B28: =VLOOKUP(A28,NCJW!M:N,2,FALSE) -> PreHeater | C28: =VLOOKUP(A28,NCJW!O:P,2,FALSE) -> W-NCJW1-PH1-T-PV-FKL_TT312
A29: FKL_PT306C | B29: =VLOOKUP(A29,NCJW!M:N,2,FALSE) -> PreHeater | C29: =VLOOKUP(A29,NCJW!O:P,2,FALSE) -> W-NCJW1-PH1-DR-PV-FKL_PT306C
A30: Stage 2 | B30: =VLOOKUP(A30,NCJW!M:N,2,FALSE) -> #N/A | C30: =VLOOKUP(A30,NCJW!O:P,2,FALSE) -> #N/A
... A101: E295B | B101: =VLOOKUP(A101,NCJW!M:N,2,FALSE) -> #N/A | C101: =VLOOKUP(A101,NCJW!O:P,2,FALSE) -> #N/A
A102: 1004 | B102: =VLOOKUP(A102,NCJW!M:N,2,FALSE) -> #N/A | C102: =VLOOKUP(A102,NCJW!O:P,2,FALSE) -> #N/A
A103: ST3_FEED_PIPE | B103: =VLOOKUP(A103,NCJW!M:N,2,FALSE) -> #N/A | C103: =VLOOKUP(A103,NCJW!O:P,2,FALSE) -> #N/A
A104: FKL_PT332 | B104: =VLOOKUP(A104,NCJW!M:N,2,FALSE) -> Kiln | C104: =VLOOKUP(A104,NCJW!O:P,2,FALSE) -> W-NCJW1-KL1-P-PV-FKL_PT332
A105: FKL_TT322 | B105: =VLOOKUP(A105,NCJW!M:N,2,FALSE) -> Kiln | C105: =VLOOKUP(A105,NCJW!O:P,2,FALSE) -> W-NCJW1-KL1-T-PV-FKL_TT322
A106: Diesel Firing | B106: =VLOOKUP(A106,NCJW!M:N,2,FALSE) -> #N/A | C106: =VLOOKUP(A106,NCJW!O:P,2,FALSE) -> #N/A
A107: BU500_A01Z11_PID_SPM | B107: =VLOOKUP(A107,NCJW!M:N,2,FALSE) -> Kiln | C107: =VLOOKUP(A107,NCJW!O:P,2,FALSE) -> W-NCJW1-KL1-F-PV-BU500_A01Z11_PID_SPM
A108: BU500_A01F01 | B108: =VLOOKUP(A108,NCJW!M:N,2,FALSE) -> Kiln | C108: =VLOOKUP(A108,NCJW!O:P,2,FALSE) -> W-NCJW1-KL1-F-PV-BU500_A01F01
A109: WIND SPEED | B109: =VLOOKUP(A109,NCJW!M:N,2,FALSE) -> #N/A | C109: =VLOOKUP(A109,NCJW!O:P,2,FALSE) -> #N/A
A110: RM_WIND_VELOCITY | B110: =VLOOKUP(A110,NCJW!M:N,2,FALSE) -> #N/A | C110: =VLOOKUP(A110,NCJW!O:P,2,FALSE) -> #N/A
A111: FKL_ST349 | B111: =VLOOKUP(A111,NCJW!M:N,2,FALSE) -> Kiln | C111: =VLOOKUP(A111,NCJW!O:P,2,FALSE) -> W-NCJW1-KL1-R-PV-FKL_ST349
A112: D32A | B112: =VLOOKUP(A112,NCJW!M:N,2,FALSE) -> #N/A | C112: =VLOOKUP(A112,NCJW!O:P,2,FALSE) -> #N/A
A113: D32A_PIDSPM | B113: =VLOOKUP(A113,NCJW!M:N,2,FALSE) -> #N/A | C113: =VLOOKUP(A113,NCJW!O:P,2,FALSE) -> #N/A
A114: D32A_DAMP_POS | B114: =VLOOKUP(A114,NCJW!M:N,2,FALSE) -> #N/A | C114: =VLOOKUP(A114,NCJW!O:P,2,FALSE) -> #N/A
... A329: KILN_COAL_SUM1 | B329: =VLOOKUP(A329,NCJW!M:N,2,FALSE) -> Kiln | C329: =VLOOKUP(A329,NCJW!O:P,2,FALSE) -> W-NCJW1-KL1-WE-PV-KILN_COAL_SUM1

Sheet NCJW-RawMill
A1: Tag Name | B1: Section | C1: Tag UID
A2: D_ST1032 | B2: =VLOOKUP(A2,NCJW!M:N,2,FALSE) -> Raw Mill | C2: =VLOOKUP(A2,NCJW!O:P,2,FALSE) -> W-NCJW1-RM1-R-PV-D_ST1032
A3: D19A_LVL_TX | B3: =VLOOKUP(A3,NCJW!M:N,2,FALSE) -> Raw Mill | C3: =VLOOKUP(A3,NCJW!O:P,2,FALSE) -> W-NCJW1-RM1-L-PV-D19A_LVL_TX
A4: LATERITE/ | B4: =VLOOKUP(A4,NCJW!M:N,2,FALSE) -> #N/A | C4: =VLOOKUP(A4,NCJW!O:P,2,FALSE) -> #N/A
A5: COPPER SLAG | B5: =VLOOKUP(A5,NCJW!M:N,2,FALSE) -> #N/A | C5: =VLOOKUP(A5,NCJW!O:P,2,FALSE) -> #N/A
A6: D19A | B6: =VLOOKUP(A6,NCJW!M:N,2,FALSE) -> #N/A | C6: =VLOOKUP(A6,NCJW!O:P,2,FALSE) -> #N/A
A7: DRMFC1300_SPM | B7: =VLOOKUP(A7,NCJW!M:N,2,FALSE) -> Raw Mill | C7: =VLOOKUP(A7,NCJW!O:P,2,FALSE) -> W-NCJW1-RM1-F-COP-DRMFC1300_SPM
A8: DRMFC1300_SPA | B8: =VLOOKUP(A8,NCJW!M:N,2,FALSE) -> Raw Mill | C8: =VLOOKUP(A8,NCJW!O:P,2,FALSE) -> W-NCJW1-RM1-F-CSP-DRMFC1300_SPA
A9: D_FT1300 | B9: =VLOOKUP(A9,NCJW!M:N,2,FALSE) -> Raw Mill | C9: =VLOOKUP(A9,NCJW!O:P,2,FALSE) -> W-NCJW1-RM1-F-PV-D_FT1300
A10: D19 CONT OP PERCENTAGE | B10: =VLOOKUP(A10,NCJW!M:N,2,FALSE) -> #N/A | C10: =VLOOKUP(A10,NCJW!O:P,2,FALSE) -> #N/A
A11: D19_LVL_TX | B11: =VLOOKUP(A11,NCJW!M:N,2,FALSE) -> Raw Mill | C11: =VLOOKUP(A11,NCJW!O:P,2,FALSE) -> W-NCJW1-RM1-L-PV-D19_LVL_TX
A12: LOW GRADE/ | B12: =VLOOKUP(A12,NCJW!M:N,2,FALSE) -> #N/A | C12: =VLOOKUP(A12,NCJW!O:P,2,FALSE) -> #N/A
A13: BESALT | B13: =VLOOKUP(A13,NCJW!M:N,2,FALSE) -> #N/A | C13: =VLOOKUP(A13,NCJW!O:P,2,FALSE) -> #N/A
... A175: TO BH | B175: =VLOOKUP(A175,NCJW!M:N,2,FALSE) -> #N/A | C175: =VLOOKUP(A175,NCJW!O:P,2,FALSE) -> #N/A

Sheet NCJW-Reclaimer
A1: Tag Name | B1: Section | C1: Tag UID
A2: C4_RUNHR | B2: =VLOOKUP(A2,NCJW!M:N,2,FALSE) -> #N/A | C2: =VLOOKUP(A2,NCJW!O:P,2,FALSE) -> #N/A
A3: RECMR_AMPS | B3: =VLOOKUP(A3,NCJW!M:N,2,FALSE) -> Raw Mill | C3: =VLOOKUP(A3,NCJW!O:P,2,FALSE) -> W-NCJW1-RM1-I-PV-RECMR_AMPS
A4: C6_CURRENT | B4: =VLOOKUP(A4,NCJW!M:N,2,FALSE) -> Raw Mill | C4: =VLOOKUP(A4,NCJW!O:P,2,FALSE) -> W-NCJW1-RM1-I-PV-C6_CURRENT
A5: BUCKET WHEEL | B5: =VLOOKUP(A5,NCJW!M:N,2,FALSE) -> #N/A | C5: =VLOOKUP(A5,NCJW!O:P,2,FALSE) -> #N/A
A6: REC_BW_AMPS | B6: =VLOOKUP(A6,NCJW!M:N,2,FALSE) -> Crusher | C6: =VLOOKUP(A6,NCJW!O:P,2,FALSE) -> W-NCJW1-MH1-I-PV-REC_BW_AMPS
A7: C4 RBC | B7: =VLOOKUP(A7,NCJW!M:N,2,FALSE) -> #N/A | C7: =VLOOKUP(A7,NCJW!O:P,2,FALSE) -> #N/A
A8: REC_C4_AMPS | B8: =VLOOKUP(A8,NCJW!M:N,2,FALSE) -> Raw Mill | C8: =VLOOKUP(A8,NCJW!O:P,2,FALSE) -> W-NCJW1-RM1-I-PV-REC_C4_AMPS
A9: CROSS TRAVEL | B9: =VLOOKUP(A9,NCJW!M:N,2,FALSE) -> #N/A | C9: =VLOOKUP(A9,NCJW!O:P,2,FALSE) -> #N/A
A10: REC_CT_VFD_SP | B10: =VLOOKUP(A10,NCJW!M:N,2,FALSE) -> Crusher | C10: =VLOOKUP(A10,NCJW!O:P,2,FALSE) -> W-NCJW1-MH1-R-PV-REC_CT_VFD_SP
A11: REC_CT_VFD_SPD | B11: =VLOOKUP(A11,NCJW!M:N,2,FALSE) -> Crusher | C11: =VLOOKUP(A11,NCJW!O:P,2,FALSE) -> W-NCJW1-MH1-R-PV-REC_CT_VFD_SPD
A12: REC_CT_VFD_CURRENT | B12: =VLOOKUP(A12,NCJW!M:N,2,FALSE) -> Crusher | C12: =VLOOKUP(A12,NCJW!O:P,2,FALSE) -> W-NCJW1-MH1-I-PV-REC_CT_VFD_CURRENT
A13: RECLAIMER | B13: =VLOOKUP(A13,NCJW!M:N,2,FALSE) -> #N/A | C13: =VLOOKUP(A13,NCJW!O:P,2,FALSE) -> #N/A
... A70: C19_CURRENT | B70: =VLOOKUP(A70,NCJW!M:N,2,FALSE) -> Raw Mill | C70: =VLOOKUP(A70,NCJW!O:P,2,FALSE) -> W-NCJW1-RM1-I-PV-C19_CURRENT
B71: =VLOOKUP(A71,NCJW!M:N,2,FALSE) -> #N/A | C71: =VLOOKUP(A71,NCJW!O:P,2,FALSE) -> #N/A
A72: C22.2 | B72: =VLOOKUP(A72,NCJW!M:N,2,FALSE) -> #N/A | C72: =VLOOKUP(A72,NCJW!O:P,2,FALSE) -> #N/A
A73: C22_2_CURRENT | B73: =VLOOKUP(A73,NCJW!M:N,2,FALSE) -> #N/A | C73: =VLOOKUP(A73,NCJW!O:P,2,FALSE) -> #N/A

Sheet NCJW-Utility
A1: Tag Name | B1: Section | C1: Tag UID
A2: RIPIK KILN COAL SELECTION | B2: =VLOOKUP(A2,NCJW!M:N,2,FALSE) -> #N/A | C2: =VLOOKUP(A2,NCJW!O:P,2,FALSE) -> #N/A
A3: FLAME FEEDBACK | B3: =VLOOKUP(A3,NCJW!M:N,2,FALSE) -> #N/A | C3: =VLOOKUP(A3,NCJW!O:P,2,FALSE) -> #N/A
A4: RIPIK_KILN_FLAME_FEEDBACK | B4: =VLOOKUP(A4,NCJW!M:N,2,FALSE) -> #N/A | C4: =VLOOKUP(A4,NCJW!O:P,2,FALSE) -> #N/A
A5: COAL CORRECTION | B5: =VLOOKUP(A5,NCJW!M:N,2,FALSE) -> #N/A | C5: =VLOOKUP(A5,NCJW!O:P,2,FALSE) -> #N/A
A6: RIPIK_KILN_COAL_CORR_VAL | B6: =VLOOKUP(A6,NCJW!M:N,2,FALSE) -> #N/A | C6: =VLOOKUP(A6,NCJW!O:P,2,FALSE) -> #N/A
A7: COAL DAY TOTALISER | B7: =VLOOKUP(A7,NCJW!M:N,2,FALSE) -> #N/A | C7: =VLOOKUP(A7,NCJW!O:P,2,FALSE) -> #N/A
A8: RIPIK_COAL _CORR_TOT | B8: =VLOOKUP(A8,NCJW!M:N,2,FALSE) -> #N/A | C8: =VLOOKUP(A8,NCJW!O:P,2,FALSE) -> #N/A
A9: COAL CORR COUNTS | B9: =VLOOKUP(A9,NCJW!M:N,2,FALSE) -> #N/A | C9: =VLOOKUP(A9,NCJW!O:P,2,FALSE) -> #N/A
A10: RIPIK_ACT_COUNT | B10: =VLOOKUP(A10,NCJW!M:N,2,FALSE) -> #N/A | C10: =VLOOKUP(A10,NCJW!O:P,2,FALSE) -> #N/A
A11: CEMS_ROOM_TEMP | B11: =VLOOKUP(A11,NCJW!M:N,2,FALSE) -> PreHeater | C11: =VLOOKUP(A11,NCJW!O:P,2,FALSE) -> W-NCJW1-PH1-T-PV-CEMS_ROOM_TEMP
A12: FIRE HYD LINE PRESS | B12: =VLOOKUP(A12,NCJW!M:N,2,FALSE) -> #N/A | C12: =VLOOKUP(A12,NCJW!O:P,2,FALSE) -> #N/A
A13: A_PT375 | B13: =VLOOKUP(A13,NCJW!M:N,2,FALSE) -> #N/A | C13: =VLOOKUP(A13,NCJW!O:P,2,FALSE) -> #N/A
... A134: A101 | B134: =VLOOKUP(A134,NCJW!M:N,2,FALSE) -> #N/A | C134: =VLOOKUP(A134,NCJW!O:P,2,FALSE) -> #N/A
