Workbook

Sheet PLCW
A1: Business Unit | B1: Cluster | C1: Plant | D1: Line | E1: Plant SAP Code | F1: Section | G1: Equipment Group | H1: Equipment Subtype | I1: Variable Group | J1: Variable Type | K1: Standard Variable Description | L1: Unit Of Measurement | M1: Tag Name | N1: Section | O1: Tag Name | P1: Tag UID | Q1: Min | R1: Max | S1: LCL | T1: UCL | U1: Flat Line Length | V1: OPC EndPOint | W1: Path | X1: PropertyID | Y1: AssetID | Z1: IsDisplay | AA1: ConvertToBinary | AB1: PublishingInterval | AC1: IsHighFrequencyTag
A2: CEMENT | B2: N | C2: PLCW | D2: 1 | E2: PC01 | F2: Crusher | G2: dummy | H2: dummy | I2: Mode | J2: Status | K2: Crusher Main Drive | L2: state | M2: CR_211MD1 | N2: Crusher | O2: CR_211MD1 | P2: N-PLCW1-CR1-ST-SV-CR_211MD1 | U2: 60 | V2: opc.tcp://10.5.9.43:26080 | W2: ns=2;s=1:CR_211MD1?Operating | X2: a22834c4-cf2c-4e8e-a81d-e823769fe1a2 | Y2: 994b5cbf-facc-477c-b8a6-dbb0783fb3cf | AB2: 60000
A3: CEMENT | B3: N | C3: PLCW | D3: 1 | E3: PC01 | F3: Coal Mill | G3: dummy | H3: dummy | I3: Mode | J3: Status | K3: Coal Mill Main Drive | L3: state | M3: CO_L41MD1 | N3: Coal Mill | O3: CO_L41MD1 | P3: N-PLCW1-KM1-ST-SV-CO_L41MD1 | U3: 60 | V3: opc.tcp://10.5.9.43:26080 | W3: ns=2;s=1:CO_L41MD1?Operating | X3: 8f686f38-a666-4627-8853-a703057b69e0 | Y3: 994b5cbf-facc-477c-b8a6-dbb0783fb3cf | AB3: 60000
A4: CEMENT | B4: N | C4: PLCW | D4: 1 | E4: PC01 | F4: Raw Mill | G4: Mill | H4: Main Equipment | I4: SP | J4: Flow | K4: QCX Set Point Weighfeeder-1 | L4: % | M4: CO_L41KM1_TT1 | N4: Coal Mill | O4: CO_L41KM1_TT1 | P4: N-PLCW1-KM1-T-PV-CO_L41KM1_TT1 | Q4: 0 | R4: 100 | S4: TBD | T4: TBD | U4: 60 | V4: opc.tcp://10.5.9.43:26080 | W4: ns=2;s=1:RM1_331WF1_FBAI01?Value | X4: d61139d5-f8d5-4a5d-b6f1-f366ba064a02 | Y4: 994b5cbf-facc-477c-b8a6-dbb0783fb3cf | Z4: TRUE | AB4: 60000
A5: CEMENT | B5: N | C5: PLCW | D5: 1 | E5: PC01 | F5: Raw Mill | G5: Mill | H5: Main Equipment | I5: SP | J5: Flow | K5: QCX Set Point Weighfeeder-2 | L5: % | M5: CMH_511BC2_TA | N5: Clinker Transport | O5: CMH_511BC2_TA | P5: N-PLCW1-CT1-T-PV-CMH_511BC2_TA | Q5: 0 | R5: 100 | S5: TBD | T5: TBD | U5: 60 | V5: opc.tcp://10.5.9.43:26080 | W5: ns=2;s=1:RM1_331WF2_FBAI02?Value | X5: 57551374-29e5-4a36-a9e5-d1e8e7209139 | Y5: 994b5cbf-facc-477c-b8a6-dbb0783fb3cf | Z5: TRUE | AB5: 60000
A6: CEMENT | B6: N | C6: PLCW | D6: 1 | E6: PC01 | F6: Raw Mill | G6: Mill | H6: Main Equipment | I6: SP | J6: Flow | K6: QCX Set Point Weighfeeder-3 | L6: % | M6: RM1_331WF1_FBAI01 | N6: Raw Mill | O6: RM1_331WF1_FBAI01 | P6: N-PLCW1-RM1-F-FSP-RM1_331WF1_FBAI01 | Q6: 0 | R6: 100 | S6: TBD | T6: TBD | U6: 60 | V6: opc.tcp://10.5.9.43:26080 | W6: ns=2;s=1:RM1_331WF3_FBAI03?Value | X6: 445ee3ab-6aa6-4c2f-b7a2-e680cc71111e | Y6: 994b5cbf-facc-477c-b8a6-dbb0783fb3cf | Z6: TRUE | AB6: 60000
A7: CEMENT | B7: N | C7: PLCW | D7: 1 | E7: PC01 | F7: Raw Mill | G7: Mill | H7: Main Equipment | I7: SP | J7: Flow | K7: QCX Set Point Weighfeeder-4 | L7: % | M7: RM1_331WF2_FBAI02 | N7: Raw Mill | O7: RM1_331WF2_FBAI02 | P7: N-PLCW1-RM1-F-FSP-RM1_331WF2_FBAI02 | Q7: 0 | R7: 100 | S7: TBD | T7: TBD | U7: 60 | V7: opc.tcp://10.5.9.43:26080 | W7: ns=2;s=1:RM1_331WF4_FBAI04?Value | X7: b4dfc7c3-a4fa-4244-8b12-3bdfe925cb93 | Y7: 994b5cbf-facc-477c-b8a6-dbb0783fb3cf | Z7: TRUE | AB7: 60000
A8: CEMENT | B8: N | C8: PLCW | D8: 1 | E8: PC01 | F8: Raw Mill | G8: Mill | H8: Main Equipment | I8: SP | J8: Flow | K8: QCX Set Point Weighfeeder-5 | L8: % | M8: RM1_331WF3_FBAI03 | N8: Raw Mill | O8: RM1_331WF3_FBAI03 | P8: N-PLCW1-RM1-F-FSP-RM1_331WF3_FBAI03 | Q8: 0 | R8: 100 | S8: TBD | T8: TBD | U8: 60 | V8: opc.tcp://10.5.9.43:26080 | W8: ns=2;s=1:RM1_331WF5_FBAI05?Value | X8: f255fcc0-3d46-444e-b3cd-984e475ad4f9 | Y8: 994b5cbf-facc-477c-b8a6-dbb0783fb3cf | Z8: TRUE | AB8: 60000
A9: CEMENT | B9: N | C9: PLCW | D9: 1 | E9: PC01 | F9: Raw Mill | G9: Mill | H9: Main Equipment | I9: PV | J9: Flow | K9: Lime Stone Weighfeeder -1 Feed Rate | L9: TPH | M9: RM1_331WF4_FBAI04 | N9: Raw Mill | O9: RM1_331WF4_FBAI04 | P9: N-PLCW1-RM1-F-FSP-RM1_331WF4_FBAI04 | Q9: 0 | R9: 850 | S9: TBD | T9: TBD | U9: 60 | V9: opc.tcp://10.5.9.43:26080 | W9: ns=2;s=1:RM1_331WF1_FR?Value | X9: fa6b8603-8aa6-48ce-ad04-c58d5a7eb3a0 | Y9: 994b5cbf-facc-477c-b8a6-dbb0783fb3cf | Z9: TRUE | AB9: 60000
A10: CEMENT | B10: N | C10: PLCW | D10: 1 | E10: PC01 | F10: Raw Mill | G10: Mill | H10: Main Equipment | I10: PV | J10: Flow | K10: Lime Stone Weighfeeder -2 Feed Rate | L10: TPH | M10: RM1_331WF5_FBAI05 | N10: Raw Mill | O10: RM1_331WF5_FBAI05 | P10: N-PLCW1-RM1-F-FSP-RM1_331WF5_FBAI05 | Q10: 0 | R10: 850 | S10: TBD | T10: TBD | U10: 60 | V10: opc.tcp://10.5.9.43:26080 | W10: ns=2;s=1:RM1_331WF2_FR?Value | X10: a4d05724-19b1-46eb-9622-2fc465110847 | Y10: 994b5cbf-facc-477c-b8a6-dbb0783fb3cf | Z10: TRUE | AB10: 60000
A11: CEMENT | B11: N | C11: PLCW | D11: 1 | E11: PC01 | F11: Raw Mill | G11: Mill | H11: Main Equipment | I11: PV | J11: Flow | K11: High Grade Lime Stone Weighfeeder -2 Feed Rate | L11: TPH | M11: RM1_331WF1_FR | N11: Raw Mill | O11: RM1_331WF1_FR | P11: N-PLCW1-RM1-F-PV-RM1_331WF1_FR | Q11: 0 | R11: 80 | S11: TBD | T11: TBD | U11: 60 | V11: opc.tcp://10.5.9.43:26080 | W11: ns=2;s=1:RM1_331WF3_FR?Value | X11: 9208bcfe-4b16-42f3-80a7-b3bfb473d812 | Y11: 994b5cbf-facc-477c-b8a6-dbb0783fb3cf | Z11: TRUE | AB11: 60000
A12: CEMENT | B12: N | C12: PLCW | D12: 1 | E12: PC01 | F12: Raw Mill | G12: Mill | H12: Main Equipment | I12: PV | J12: Flow | K12: Additive-1 Weighfeeder Feed rate | L12: TPH | M12: RM1_331WF2_FR | N12: Raw Mill | O12: RM1_331WF2_FR | P12: N-PLCW1-RM1-F-PV-RM1_331WF2_FR | Q12: 0 | R12: 35 | S12: TBD | T12: TBD | U12: 60 | V12: opc.tcp://10.5.9.43:26080 | W12: ns=2;s=1:RM1_331WF4_FR?Value | X12: 1516612b-6631-439f-85ae-f583feb52a46 | Y12: 994b5cbf-facc-477c-b8a6-dbb0783fb3cf | Z12: TRUE | AB12: 60000
A13: CEMENT | B13: N | C13: PLCW | D13: 1 | E13: PC01 | F13: Raw Mill | G13: Mill | H13: Main Equipment | I13: PV | J13: Flow | K13: Additive-2 Weighfeeder Feed rate | L13: TPH | M13: RM1_331WF3_FR | N13: Raw Mill | O13: RM1_331WF3_FR | P13: N-PLCW1-RM1-F-PV-RM1_331WF3_FR | Q13: 0 | R13: 35 | S13: TBD | T13: TBD | U13: 60 | V13: opc.tcp://10.5.9.43:26080 | W13: ns=2;s=1:RM1_331WF5_FR?Value | X13: 85fc7ada-9172-4616-9e88-53ef22f9f576 | Y13: 994b5cbf-facc-477c-b8a6-dbb0783fb3cf | Z13: TRUE | AB13: 60000
A14: CEMENT | B14: N | C14: PLCW | D14: 1 | E14: PC01 | F14: Raw Mill | G14: dummy | H14: dummy | I14: PV | J14: Flow | K14: Addetive WF-2 Feed (t/h) | L14: TPH | M14: RM1_331WF4_FR | N14: Raw Mill | O14: RM1_331WF4_FR | P14: N-PLCW1-RM1-F-PV-RM1_331WF4_FR | U14: 60 | V14: opc.tcp://10.5.9.43:26080 | W14: ns=2;s=1:RM1_331WF5_FR_B?Value | X14: 302d9adc-d4af-45e8-a761-838a5c17367a | Y14: 994b5cbf-facc-477c-b8a6-dbb0783fb3cf | AB14: 60000
A15: CEMENT | B15: N | C15: PLCW | D15: 1 | E15: PC01 | F15: Raw Mill | G15: Mill | H15: Main Equipment | I15: PV | J15: Flow | K15: Raw Mill Feed rate | L15: TPH | M15: RM1_331WF5_FR | N15: Raw Mill | O15: RM1_331WF5_FR | P15: N-PLCW1-RM1-F-PV-RM1_331WF5_FR | Q15: 0 | R15: 850 | S15: TBD | T15: TBD | U15: 60 | V15: opc.tcp://10.5.9.43:26080 | W15: ns=2;s=1:RM1_331WF_TPH_TOT?Value | X15: 8e63f4e6-21f9-4e74-bf52-76dd3019f96f | Y15: 994b5cbf-facc-477c-b8a6-dbb0783fb3cf | Z15: TRUE | AB15: 60000
A16: CEMENT | B16: N | C16: PLCW | D16: 1 | E16: PC01 | F16: Raw Mill | G16: Mill | H16: Main Equipment | I16: PV | J16: Flow | K16: Mill reject feed Rate | L16: TPH | M16: RM1_331WF5_FR_B | N16: Raw Mill | O16: RM1_331WF5_FR_B | P16: N-PLCW1-RM1-F-PV-RM1_331WF5_FR_B | Q16: 0 | R16: 350 | S16: TBD | T16: TBD | U16: 60 | V16: opc.tcp://10.5.9.43:26080 | W16: ns=2;s=1:RM1_361BW1_FR?Value | X16: 43b9caf4-3e54-4a2f-93fb-8034716f222c | Y16: 994b5cbf-facc-477c-b8a6-dbb0783fb3cf | Z16: TRUE | AB16: 60000
A17: CEMENT | B17: N | C17: PLCW | D17: 1 | E17: PC01 | F17: Raw Mill | G17: Mill | H17: Main Equipment | I17: PV | J17: Flow | K17: Water Spray Flow measurement | L17: m2/hr | M17: RM1_331WF_TPH_TOT | N17: Raw Mill | O17: RM1_331WF_TPH_TOT | P17: N-PLCW1-RM1-F-PV-RM1_331WF_TPH_TOT | Q17: 0 | R17: 20 | S17: TBD | T17: TBD | U17: 60 | V17: opc.tcp://10.5.9.43:26080 | W17: ns=2;s=1:RM1_361WI1_FT1?Value | X17: 7a0e3aef-fee5-4d0d-a2e2-b4d9c3690ce8 | Y17: 994b5cbf-facc-477c-b8a6-dbb0783fb3cf | Z17: TRUE | AB17: 60000
A18: CEMENT | B18: N | C18: PLCW | D18: 1 | E18: PC01 | F18: Raw Mill | G18: Mill | H18: Main Equipment | I18: PV | J18: Current | K18: RM BH Fan VFD Current | L18: amp | M18: RM1_361BW1_FR | N18: Raw Mill | O18: RM1_361BW1_FR | P18: N-PLCW1-RM1-F-PV-RM1_361BW1_FR | Q18: 0 | R18: 242 | S18: TBD | T18: TBD | U18: 60 | V18: opc.tcp://10.5.9.43:26080 | W18: ns=2;s=1:PH_421FN1_II?Value | X18: 665863c1-8435-42da-845f-9e1886bf64f9 | Y18: 994b5cbf-facc-477c-b8a6-dbb0783fb3cf | Z18: TRUE | AB18: 60000
A19: CEMENT | B19: N | C19: PLCW | D19: 1 | E19: PC01 | F19: Raw Mill | G19: Mill | H19: Main Equipment | I19: PV | J19: Current | K19: Mill reject Bucket Elevator Current | L19: amp | M19: RM1_361WI1_FT1 | N19: Raw Mill | O19: RM1_361WI1_FT1 | P19: N-PLCW1-RM1-F-PV-RM1_361WI1_FT1 | Q19: 0 | R19: 126 | S19: TBD | T19: TBD | U19: 60 | V19: opc.tcp://10.5.9.43:26080 | W19: ns=2;s=1:RM1_361BE1_M01II_B?Value | X19: 925f0b1f-a410-438f-a500-4eafb0f86472 | Y19: 994b5cbf-facc-477c-b8a6-dbb0783fb3cf | Z19: TRUE | AB19: 60000
A20: CEMENT | B20: N | C20: PLCW | D20: 1 | E20: PC01 | F20: Raw Mill | G20: Mill | H20: Main Equipment | I20: PV | J20: Current | K20: Bucket Elevator Current | L20: amp | M20: PH_421FN1_II | N20: Raw Mill | O20: PH_421FN1_II | P20: N-PLCW1-RM1-I-PV-PH_421FN1_II | Q20: 0 | R20: 228 | S20: TBD | T20: TBD | U20: 60 | V20: opc.tcp://10.5.9.43:26080 | W20: ns=2;s=1:RM1_391BE1_M01II_B?Value | X20: 13ee99e1-35f3-4035-a955-88f1329efbc9 | Y20: 994b5cbf-facc-477c-b8a6-dbb0783fb3cf | Z20: TRUE | AB20: 60000
A21: CEMENT | B21: N | C21: PLCW | D21: 1 | E21: PC01 | F21: Raw Mill | G21: Mill | H21: Main Equipment | I21: PV | J21: Current | K21: Bucket Elevator Current | L21: amp | M21: RM1_361BE1_M01II_B | N21: Raw Mill | O21: RM1_361BE1_M01II_B | P21: N-PLCW1-RM1-I-PV-RM1_361BE1_M01II_B | Q21: 0 | R21: 228 | S21: TBD | T21: TBD | U21: 60 | V21: opc.tcp://10.5.9.43:26080 | W21: ns=2;s=1:RM1_391BE1_M02II_B?Value | X21: de34e727-0819-4798-8d47-efb0c3be6eb4 | Y21: 994b5cbf-facc-477c-b8a6-dbb0783fb3cf | Z21: TRUE | AB21: 60000
A22: CEMENT | B22: N | C22: PLCW | D22: 1 | E22: PC01 | F22: Raw Mill | G22: Mill | H22: Main Equipment | I22: PV | J22: Power | K22: Mill Main Motor Power | L22: kW | M22: RM1_391BE1_M01II_B | N22: Raw Mill | O22: RM1_391BE1_M01II_B | P22: N-PLCW1-RM1-I-PV-RM1_391BE1_M01II_B | Q22: 0 | R22: 8400 | S22: TBD | T22: TBD | U22: 60 | V22: opc.tcp://10.5.9.43:26080 | W22: ns=2;s=1:RABH_HT_MFM4_TOT_ACT_PWR?Value | X22: 6ee2e13b-dede-4742-a72f-dc58d5781a2b | Y22: 994b5cbf-facc-477c-b8a6-dbb0783fb3cf | Z22: TRUE | AB22: 60000
A23: CEMENT | B23: N | C23: PLCW | D23: 1 | E23: PC01 | F23: Raw Mill | G23: dummy | H23: dummy | I23: PV | J23: Power | K23: RM_Fan_KW | L23: kW | M23: RM1_391BE1_M02II_B | N23: Raw Mill | O23: RM1_391BE1_M02II_B | P23: N-PLCW1-RM1-I-PV-RM1_391BE1_M02II_B | U23: 60 | V23: opc.tcp://10.5.9.43:26080 | W23: ns=2;s=1:RM1_361FN1_JI?Value | X23: a1594e5e-cbec-4443-b14c-7374cce8a801 | Y23: 994b5cbf-facc-477c-b8a6-dbb0783fb3cf | AB23: 60000
A24: CEMENT | B24: N | C24: PLCW | D24: 1 | E24: PC01 | F24: Raw Mill | G24: dummy | H24: dummy | I24: PV | J24: Power | K24: RM_MD_KW | L24: kW | M24: RABH_HT_MFM4_TOT_ACT_PWR | N24: Raw Mill | O24: RABH_HT_MFM4_TOT_ACT_PWR | P24: N-PLCW1-RM1-J-PV-RABH_HT_MFM4_TOT_ACT_PWR | U24: 60 | V24: opc.tcp://10.5.9.43:26080 | W24: ns=2;s=1:RM1_361RM1_JI?Value | X24: 1889e860-98da-453c-98df-d2739bf052c5 | Y24: 994b5cbf-facc-477c-b8a6-dbb0783fb3cf | AB24: 60000
A25: CEMENT | B25: N | C25: PLCW | D25: 1 | E25: PC01 | F25: Raw Mill | G25: Mill | H25: Main Equipment | I25: PV | J25: Power | K25: Bucket Elevator Power | L25: kW | M25: RM1_361FN1_JI | N25: Raw Mill | O25: RM1_361FN1_JI | P25: N-PLCW1-RM1-J-PV-RM1_361FN1_JI | Q25: 0 | R25: 500 | S25: TBD | T25: TBD | U25: 60 | V25: opc.tcp://10.5.9.43:26080 | W25: ns=2;s=1:RM1_391BE1_M01JI_B?Value | X25: 222d3ef8-78a6-46fb-ac7d-1cd2d1e4ed58 | Y25: 994b5cbf-facc-477c-b8a6-dbb0783fb3cf | Z25: TRUE | AB25: 60000
A26: CEMENT | B26: N | C26: PLCW | D26: 1 | E26: PC01 | F26: Raw Mill | G26: Mill | H26: Main Equipment | I26: PV | J26: Power | K26: Bucket Elevator Power | L26: kW | M26: RM1_361RM1_JI | N26: Raw Mill | O26: RM1_361RM1_JI | P26: N-PLCW1-RM1-J-PV-RM1_361RM1_JI | Q26: 0 | R26: 500 | S26: TBD | T26: TBD | U26: 60 | V26: opc.tcp://10.5.9.43:26080 | W26: ns=2;s=1:RM1_391BE1_M02JI_B?Value | X26: a60e565c-2129-443e-80d8-9dd6fdf67567 | Y26: 994b5cbf-facc-477c-b8a6-dbb0783fb3cf | Z26: TRUE | AB26: 60000
A27: CEMENT | B27: N | C27: PLCW | D27: 1 | E27: PC01 | F27: Raw Mill | G27: Mill | H27: Main Equipment | I27: PV | J27: Level | K27: Bed Height | L27: mm | M27: RM1_391BE1_M01JI_B | N27: Raw Mill | O27: RM1_391BE1_M01JI_B | P27: N-PLCW1-RM1-J-PV-RM1_391BE1_M01JI_B | Q27: 0 | R27: 100 | S27: TBD | T27: TBD | U27: 60 | V27: opc.tcp://10.5.9.43:26080 | W27: ns=2;s=1:RM1_361HT1_S01AI01?Value | X27: 40f797ff-aa56-4c8f-b7da-f26923d930f4 | Y27: 994b5cbf-facc-477c-b8a6-dbb0783fb3cf | Z27: TRUE | AB27: 60000
A28: CEMENT | B28: N | C28: PLCW | D28: 1 | E28: PC01 | F28: Raw Mill | G28: Mill | H28: Main Equipment | I28: PV | J28: Level | K28: Blending Silo Level | L28: meter | M28: RM1_391BE1_M02JI_B | N28: Raw Mill | O28: RM1_391BE1_M02JI_B | P28: N-PLCW1-RM1-J-PV-RM1_391BE1_M02JI_B | Q28: 0 | R28: 37 | S28: TBD | T28: TBD | U28: 60 | V28: opc.tcp://10.5.9.43:26080 | W28: ns=2;s=1:RM1_391SB1_LT?Value | X28: 71c274bc-1fb0-4e83-acbe-3879cc7e6467 | Y28: 994b5cbf-facc-477c-b8a6-dbb0783fb3cf | Z28: TRUE | AB28: 60000
A29: CEMENT | B29: N | C29: PLCW | D29: 1 | E29: PC01 | F29: Raw Mill | G29: Mill | H29: Main Equipment | I29: PV | J29: Level | K29: Blending Silo Level MT | L29: tons | M29: RM1_361HT1_S01AI01 | N29: Raw Mill | O29: RM1_361HT1_S01AI01 | P29: N-PLCW1-RM1-L-PV-RM1_361HT1_S01AI01 | Q29: 0 | R29: 15000 | S29: TBD | T29: TBD | U29: 60 | V29: opc.tcp://10.5.9.43:26080 | W29: ns=2;s=1:RM1_CF_SILO_LVL_MT?Value | X29: 676e3dba-d98c-4aea-9421-c2c8de026203 | Y29: 994b5cbf-facc-477c-b8a6-dbb0783fb3cf | Z29: TRUE | AB29: 60000
A30: CEMENT | B30: N | C30: PLCW | D30: 1 | E30: PC01 | F30: Raw Mill | G30: Mill | H30: Main Equipment | I30: SP | J30: Pressure | K30: RM BH Fan VFD Set Point | L30: mmWC | M30: RM1_391SB1_LT | N30: Raw Mill | O30: RM1_391SB1_LT | P30: N-PLCW1-RM1-L-PV-RM1_391SB1_LT | Q30: -100 | R30: 100 | S30: TBD | T30: TBD | U30: 60 | V30: opc.tcp://10.5.9.43:26080 | W30: ns=2;s=1:PH_421FN1_SPSPA?Value | X30: 8193319a-2d48-4b7c-a451-e32cada3b0d2 | Y30: 994b5cbf-facc-477c-b8a6-dbb0783fb3cf | Z30: TRUE | AB30: 60000
A31: CEMENT | B31: N | C31: PLCW | D31: 1 | E31: PC01 | F31: Raw Mill | G31: Mill | H31: Main Equipment | I31: PV | J31: Pressure | K31: Bag House Differnetial Pressure | L31: mmWC | M31: RM1_CF_SILO_LVL_MT | N31: Raw Mill | O31: RM1_CF_SILO_LVL_MT | P31: N-PLCW1-RM1-L-PV-RM1_CF_SILO_LVL_MT | Q31: 0 | R31: 250 | S31: TBD | T31: TBD | U31: 60 | V31: opc.tcp://10.5.9.43:26080 | W31: ns=2;s=1:PH_421BF1_DPT?Value | X31: a9d0771f-198a-4549-bc85-f37844b26a4b | Y31: 994b5cbf-facc-477c-b8a6-dbb0783fb3cf | Z31: TRUE | AB31: 60000
A32: CEMENT | B32: N | C32: PLCW | D32: 1 | E32: PC01 | F32: Raw Mill | G32: Mill | H32: Main Equipment | I32: PV | J32: Pressure | K32: Preheater Fan Outlet Pressure | L32: mmWC | M32: PH_421FN1_SPSPA | N32: Raw Mill | O32: PH_421FN1_SPSPA | P32: N-PLCW1-RM1-P-FSP-PH_421FN1_SPSPA | Q32: -100 | R32: 100 | S32: TBD | T32: TBD | U32: 60 | V32: opc.tcp://10.5.9.43:26080 | W32: ns=2;s=1:PH_441FN1_PT02?Value | X32: cbdff085-6f4b-4710-86e9-57de4e40fd33 | Y32: 994b5cbf-facc-477c-b8a6-dbb0783fb3cf | Z32: TRUE | AB32: 60000
A33: CEMENT | B33: N | C33: PLCW | D33: 1 | E33: PC01 | F33: Raw Mill | G33: Mill | H33: Main Equipment | I33: PV | J33: Pressure | K33: Hyd Tension Pressure Roller 1/3 | L33: bar | M33: PH_421BF1_DPT | N33: Raw Mill | O33: PH_421BF1_DPT | P33: N-PLCW1-RM1-P-PV-PH_421BF1_DPT | Q33: 0 | R33: 600 | S33: TBD | T33: TBD | U33: 60 | V33: opc.tcp://10.5.9.43:26080 | W33: ns=2;s=1:RM1_361HT1_PT13?Value | X33: 56d9408c-e1d3-4d2c-af3c-449346e202af | Y33: 994b5cbf-facc-477c-b8a6-dbb0783fb3cf | Z33: TRUE | AB33: 60000
A34: CEMENT | B34: N | C34: PLCW | D34: 1 | E34: PC01 | F34: Raw Mill | G34: Mill | H34: Main Equipment | I34: PV | J34: Pressure | K34: Hyd Tension Pressure Roller 2/4 | L34: bar | M34: PH_441FN1_PT02 | N34: Raw Mill | O34: PH_441FN1_PT02 | P34: N-PLCW1-RM1-P-PV-PH_441FN1_PT02 | Q34: 0 | R34: 600 | S34: TBD | T34: TBD | U34: 60 | V34: opc.tcp://10.5.9.43:26080 | W34: ns=2;s=1:RM1_361HT1_PT24?Value | X34: b10fd39b-7a18-405c-b837-83fc12023457 | Y34: 994b5cbf-facc-477c-b8a6-dbb0783fb3cf | Z34: TRUE | AB34: 60000
A35: CEMENT | B35: N | C35: PLCW | D35: 1 | E35: PC01 | F35: Raw Mill | G35: Mill | H35: Main Equipment | I35: PV | J35: Pressure | K35: Raw Mill I/L Pressure | L35: mbar | M35: RM1_361HT1_PT13 | N35: Raw Mill | O35: RM1_361HT1_PT13 | P35: N-PLCW1-RM1-P-PV-RM1_361HT1_PT13 | Q35: -40 | R35: 5 | S35: TBD | T35: TBD | U35: 60 | V35: opc.tcp://10.5.9.43:26080 | W35: ns=2;s=1:RM1_361RM1_PT1?Value | X35: 0fc516a1-f869-4f72-b352-42be9878876f | Y35: 994b5cbf-facc-477c-b8a6-dbb0783fb3cf | Z35: TRUE | AB35: 60000
A36: CEMENT | B36: N | C36: PLCW | D36: 1 | E36: PC01 | F36: Raw Mill | G36: Mill | H36: Main Equipment | I36: PV | J36: Pressure | K36: Calculated Mill DP | L36: mbar | M36: RM1_361HT1_PT24 | N36: Raw Mill | O36: RM1_361HT1_PT24 | P36: N-PLCW1-RM1-P-PV-RM1_361HT1_PT24 | Q36: 0 | R36: 100 | S36: TBD | T36: TBD | U36: 60 | V36: opc.tcp://10.5.9.43:26080 | W36: ns=2;s=1:RM1_361RM1_PT1_PT2?Value | X36: 8674e68a-5714-4830-aaf5-8c39038b28e9 | Y36: 994b5cbf-facc-477c-b8a6-dbb0783fb3cf | Z36: TRUE | AB36: 60000
... A43: CEMENT | B43: N | C43: PLCW | D43: 1 | E43: PC01 | F43: Raw Mill | G43: Mill | H43: Main Equipment | I43: PV | J43: Speed | K43: Raw Mill Classifier Speed | L43: RPM | M43: PH_421FN1_SI | N43: Raw Mill | O43: PH_421FN1_SI | P43: N-PLCW1-RM1-R-PV-PH_421FN1_SI | Q43: 0 | R43: 1485 | S43: TBD | T43: TBD | U43: 60 | V43: opc.tcp://10.5.9.43:26080 | W43: ns=2;s=1:RM1_361SR1_SI?Value | X43: ce56f8e1-0c2b-4f37-b415-b68c86e62f27 | Y43: 994b5cbf-facc-477c-b8a6-dbb0783fb3cf | Z43: TRUE | AB43: 60000
A44: CEMENT | B44: N | C44: PLCW | D44: 1 | E44: PC01 | F44: Raw Mill | G44: Others | H44: Other | I44: PV | J44: Position | K44: Bed Height (mm) | L44: mm | M44: PH_421FN1_SPSPM | N44: Raw Mill | O44: PH_421FN1_SPSPM | P44: N-PLCW1-RM1-R-PV-PH_421FN1_SPSPM | U44: 60 | V44: opc.tcp://10.5.9.43:26080 | W44: ns=2;s=1:RM1_361HT1_S01AI01?Value | X44: 5c130b0b-60f8-4d45-8e9e-c5c8907f2df3 | Y44: 959c1179-a3c0-4745-b667-5a62419dcb40 | AB44: 60000
A45: CEMENT | B45: N | C45: PLCW | D45: 1 | E45: PC01 | F45: Raw Mill | G45: dummy | H45: dummy | I45: Mode | J45: Status | K45: Raw Mill Main Drive | L45: state | M45: RM1_361SR1_SI | N45: Raw Mill | O45: RM1_361SR1_SI | P45: N-PLCW1-RM1-R-PV-RM1_361SR1_SI | U45: 60 | V45: opc.tcp://10.5.9.43:26080 | W45: ns=2;s=1:RM1_361MD1?Operating | X45: 6ffac698-d86c-4a62-8bfc-18fc29fb5744 | Y45: 994b5cbf-facc-477c-b8a6-dbb0783fb3cf | AB45: 60000
A46: CEMENT | B46: N | C46: PLCW | D46: 1 | E46: PC01 | F46: Raw Mill | G46: Mill | H46: Main Equipment | I46: PV | J46: Temperature | K46: Raw Mill Inlet Temp | L46: deg C | M46: RM1_361HT1_S01AI01 | N46: Raw Mill | O46: RM1_361HT1_S01AI01 | P46: N-PLCW1-RM1-S-PV-RM1_361HT1_S01AI01 | Q46: 0 | R46: 350 | S46: TBD | T46: TBD | U46: 60 | V46: opc.tcp://10.5.9.43:26080 | W46: ns=2;s=1:RM1_361RM1_TT1?Value | X46: cdd3907d-f2d4-4093-9a1c-1892f827e1ed | Y46: 994b5cbf-facc-477c-b8a6-dbb0783fb3cf | Z46: TRUE | AB46: 60000
A47: CEMENT | B47: N | C47: PLCW | D47: 1 | E47: PC01 | F47: Raw Mill | G47: dummy | H47: dummy | I47: PV | J47: Temperature | K47: Mill outlet temperature (degC) | L47: deg C | M47: RM1_361MD1 | N47: Raw Mill | O47: RM1_361MD1 | P47: N-PLCW1-RM1-ST-SV-RM1_361MD1 | U47: 60 | V47: opc.tcp://10.5.9.43:26080 | W47: ns=2;s=1:RM1_361RM1_TT2?Value | X47: 1404c241-6982-431e-bcdf-7b849f6230a9 | Y47: 994b5cbf-facc-477c-b8a6-dbb0783fb3cf | Z47: TRUE | AB47: 60000
A48: CEMENT | B48: N | C48: PLCW | D48: 1 | E48: PC01 | F48: Raw Mill | G48: Mill | H48: Main Equipment | I48: PV | J48: Vibration | K48: Raw Mill Base Vibration | L48: mm/sec | M48: RM1_361RM1_TT1 | N48: Raw Mill | O48: RM1_361RM1_TT1 | P48: N-PLCW1-RM1-T-PV-RM1_361RM1_TT1 | Q48: 0 | R48: 25 | S48: TBD | T48: TBD | U48: 60 | V48: opc.tcp://10.5.9.43:26080 | W48: ns=2;s=1:RM1_361RM1_XT01?Value | X48: 9a083cf0-1564-4c01-b0a8-160048e0edba | Y48: 994b5cbf-facc-477c-b8a6-dbb0783fb3cf | Z48: TRUE | AB48: 60000
A49: CEMENT | B49: N | C49: PLCW | D49: 1 | E49: PC01 | F49: Raw Mill | G49: Mill | H49: Main Equipment | I49: PV | J49: Vibration | K49: Raw Mill Vibration | L49: mm/sec | M49: RM1_361RM1_TT2 | N49: Raw Mill | O49: RM1_361RM1_TT2 | P49: N-PLCW1-RM1-T-PV-RM1_361RM1_TT2 | Q49: 0 | R49: 25 | S49: TBD | T49: TBD | U49: 60 | V49: opc.tcp://10.5.9.43:26080 | W49: ns=2;s=1:RM1_361RM1_XT02?Value | X49: b448e217-0062-46b2-b857-a17e5386fdfe | Y49: 994b5cbf-facc-477c-b8a6-dbb0783fb3cf | Z49: TRUE | AB49: 60000
A50: CEMENT | B50: N | C50: PLCW | D50: 1 | E50: PC01 | F50: Raw Mill | G50: Mill | H50: Main Equipment | I50: PV | J50: Vibration | K50: Raw Mill Base Vibration Stdby | L50: mm/sec | M50: RM1_361RM1_XT01 | N50: Raw Mill | O50: RM1_361RM1_XT01 | P50: N-PLCW1-RM1-X-PV-RM1_361RM1_XT01 | Q50: 0 | R50: 25 | S50: TBD | T50: TBD | U50: 60 | V50: opc.tcp://10.5.9.43:26080 | W50: ns=2;s=1:RM1_361RM1_XT03?Value | X50: 75544f7e-afa8-4f2a-abad-bc5f43439454 | Y50: 994b5cbf-facc-477c-b8a6-dbb0783fb3cf | Z50: TRUE | AB50: 60000
A51: CEMENT | B51: N | C51: PLCW | D51: 1 | E51: PC01 | F51: Cement Mill | G51: Mill | H51: Main Equipment | I51: SP | J51: Flow | K51: QCX SP Clinker Weighfeeder | L51: % | M51: RM1_361RM1_XT02 | N51: Raw Mill | O51: RM1_361RM1_XT02 | P51: N-PLCW1-RM1-X-PV-RM1_361RM1_XT02 | Q51: 0 | R51: 100 | S51: TBD | T51: TBD | U51: 60 | V51: opc.tcp://10.5.9.43:26080 | W51: ns=2;s=1:CM_531WI1AI01?Value | X51: ce95e355-f075-48bb-a12c-5ef7bd7e8f1d | Y51: 994b5cbf-facc-477c-b8a6-dbb0783fb3cf | Z51: TRUE | AB51: 60000
A52: CEMENT | B52: N | C52: PLCW | D52: 1 | E52: PC01 | F52: Cement Mill | G52: Mill | H52: Main Equipment | I52: SP | J52: Flow | K52: QCX SP Gypsum Weighfeeder Feed Rate | L52: % | M52: RM1_361RM1_XT03 | N52: Raw Mill | O52: RM1_361RM1_XT03 | P52: N-PLCW1-RM1-X-PV-RM1_361RM1_XT03 | Q52: 0 | R52: 100 | S52: TBD | T52: TBD | U52: 60 | V52: opc.tcp://10.5.9.43:26080 | W52: ns=2;s=1:CM_531WI1AI02?Value | X52: 8f866ede-68a8-44ad-80ac-67627c69b38b | Y52: 994b5cbf-facc-477c-b8a6-dbb0783fb3cf | Z52: TRUE | AB52: 60000
A53: CEMENT | B53: N | C53: PLCW | D53: 1 | E53: PC01 | F53: Cement Mill | G53: Mill | H53: Main Equipment | I53: SP | J53: Flow | K53: QCX SP Additive Weighfeeder Feed Rate | L53: % | M53: TPH | N53: Raw Mill-1 | O53: TPH | P53: N-PLCW1-RM1-F-QC-TPH | Q53: 0 | R53: 100 | S53: TBD | T53: TBD | U53: 60 | V53: opc.tcp://10.5.9.43:26080 | W53: ns=2;s=1:CM_531WI1AI03?Value | X53: 79c637e7-7d3d-4656-845a-54a90023a933 | Y53: 994b5cbf-facc-477c-b8a6-dbb0783fb3cf | Z53: TRUE | AB53: 60000
A54: CEMENT | B54: N | C54: PLCW | D54: 1 | E54: PC01 | F54: Cement Mill | G54: Mill | H54: Main Equipment | I54: SP | J54: Flow | K54: QCX SP Wet Flyash Weighfeeder Feed Rate | L54: % | M54: TPH_10 | N54: Raw Mill-1 | O54: TPH_10 | P54: N-PLCW1-RM1-F-QC-TPH_10 | Q54: 0 | R54: 100 | S54: TBD | T54: TBD | U54: 60 | V54: opc.tcp://10.5.9.43:26080 | W54: ns=2;s=1:CM_531WI1AI04?Value | X54: 4f959ab4-551e-4568-a731-177d4a1c0c1d | Y54: 994b5cbf-facc-477c-b8a6-dbb0783fb3cf | Z54: TRUE | AB54: 60000
A55: CEMENT | B55: N | C55: PLCW | D55: 1 | E55: PC01 | F55: Cement Mill | G55: Mill | H55: Main Equipment | I55: SP | J55: Flow | K55: QCX SP Dry Flyash Feed rate | L55: % | M55: TPH_60 | N55: Raw Mill-1 | O55: TPH_60 | P55: N-PLCW1-RM1-F-QC-TPH_60 | Q55: 0 | R55: 100 | S55: TBD | T55: TBD | U55: 60 | V55: opc.tcp://10.5.9.43:26080 | W55: ns=2;s=1:CM_531WI1AI05?Value | X55: 6c172daa-3156-46d9-b8be-a3a7bd63461b | Y55: 994b5cbf-facc-477c-b8a6-dbb0783fb3cf | Z55: TRUE | AB55: 60000
A56: CEMENT | B56: N | C56: PLCW | D56: 1 | E56: PC01 | F56: Cement Mill | G56: Mill | H56: Main Equipment | I56: PV | J56: Flow | K56: Clinker Weighfeeder Feed Rate | L56: TPH | M56: TPH_P | N56: Raw Mill-1 | O56: TPH_P | P56: N-PLCW1-RM1-F-QC-TPH_P | Q56: 0 | R56: 400 | S56: TBD | T56: TBD | U56: 60 | V56: opc.tcp://10.5.9.43:26080 | W56: ns=2;s=1:CM_531WF1_FR?Value | X56: 4d840c26-1f57-40ee-97a9-3a8a465a8f53 | Y56: 994b5cbf-facc-477c-b8a6-dbb0783fb3cf | Z56: TRUE | AB56: 60000
A57: CEMENT | B57: N | C57: PLCW | D57: 1 | E57: PC01 | F57: Cement Mill | G57: Mill | H57: Main Equipment | I57: PV | J57: Flow | K57: Gypsum Weighfeeder Feed Rate | L57: TPH | M57: RM1_MCX_UTILIZATION | N57: Raw Mill-1 | O57: RM1_MCX_UTILIZATION | P57: N-PLCW1-RM1-O-PV-RM1_MCX_UTILIZATION | Q57: 0 | R57: 40 | S57: TBD | T57: TBD | U57: 60 | V57: opc.tcp://10.5.9.43:26080 | W57: ns=2;s=1:CM_531WF2_FR?Value | X57: 6064248e-c27f-469c-b409-b1fef72f1a13 | Y57: 994b5cbf-facc-477c-b8a6-dbb0783fb3cf | Z57: TRUE | AB57: 60000
A58: CEMENT | B58: N | C58: PLCW | D58: 1 | E58: PC01 | F58: Cement Mill | G58: Mill | H58: Main Equipment | I58: PV | J58: Flow | K58: Additive Weighfeeder Feed Rate | L58: TPH | M58: Al2O3 | N58: Raw Mill-1 | O58: Al2O3 | P58: N-PLCW1-RM1-Q-QC-Al2O3 | Q58: 0 | R58: 140 | S58: TBD | T58: TBD | U58: 60 | V58: opc.tcp://10.5.9.43:26080 | W58: ns=2;s=1:CM_531WF3_FR?Value | X58: c3b0de58-cb96-4772-a43e-a9ea7249c4f6 | Y58: 994b5cbf-facc-477c-b8a6-dbb0783fb3cf | Z58: TRUE | AB58: 60000
A59: CEMENT | B59: N | C59: PLCW | D59: 1 | E59: PC01 | F59: Cement Mill | G59: Mill | H59: Main Equipment | I59: PV | J59: Flow | K59: Wet Flyash Weighfeeder Feed Rate | L59: TPH | M59: Al2O3_10 | N59: Raw Mill-1 | O59: Al2O3_10 | P59: N-PLCW1-RM1-Q-QC-Al2O3_10 | Q59: 0 | R59: 56 | S59: TBD | T59: TBD | U59: 60 | V59: opc.tcp://10.5.9.43:26080 | W59: ns=2;s=1:CM_531WF4_FR?Value | X59: df718639-7b33-442e-9d41-41b2148c94b5 | Y59: 994b5cbf-facc-477c-b8a6-dbb0783fb3cf | Z59: TRUE | AB59: 60000
... A67: CEMENT | B67: N | C67: PLCW | D67: 1 | E67: PC01 | F67: Cement Mill | G67: Mill | H67: Main Equipment | I67: PV | J67: Power | K67: CM Bag House Fan Power | L67: kW | M67: Cl_10 | N67: Raw Mill-1 | O67: Cl_10 | P67: N-PLCW1-RM1-Q-QC-Cl_10 | Q67: 0 | R67: 8000 | S67: TBD | T67: TBD | U67: 60 | V67: opc.tcp://10.5.9.43:26080 | W67: ns=2;s=1:CMSS_HT_MFM9_TOT_ACT_PWR?Value | X67: 6c446126-4ae7-4bec-bfa2-f95e59c863cc | Y67: 994b5cbf-facc-477c-b8a6-dbb0783fb3cf | Z67: TRUE | AB67: 60000
A68: CEMENT | B68: N | C68: PLCW | D68: 1 | E68: PC01 | F68: Cement Mill | G68: dummy | H68: dummy | I68: PV | J68: Power | K68: CM_Fan_KW | L68: kW | M68: Cl_60 | N68: Raw Mill-1 | O68: Cl_60 | P68: N-PLCW1-RM1-Q-QC-Cl_60 | U68: 60 | V68: opc.tcp://10.5.9.43:26080 | W68: ns=2;s=1:CM_561FN3_JI?Value | X68: 631ac173-8fab-49dc-bf04-0042e99a0882 | Y68: 994b5cbf-facc-477c-b8a6-dbb0783fb3cf | AB68: 60000
A69: CEMENT | B69: N | C69: PLCW | D69: 1 | E69: PC01 | F69: Cement Mill | G69: Mill | H69: Main Equipment | I69: PV | J69: Power | K69: CM MD Motor Power | L69: kW | M69: Cl_P | N69: Raw Mill-1 | O69: Cl_P | P69: N-PLCW1-RM1-Q-QC-Cl_P | Q69: 0 | R69: 8400 | S69: TBD | T69: TBD | U69: 60 | V69: opc.tcp://10.5.9.43:26080 | W69: ns=2;s=1:CM_561MD1_JI?Value | X69: 44086643-846c-42a7-aa49-2f268d355c94 | Y69: 994b5cbf-facc-477c-b8a6-dbb0783fb3cf | Z69: TRUE | AB69: 60000
A70: CEMENT | B70: N | C70: PLCW | D70: 1 | E70: PC01 | F70: Cement Mill | G70: Mill | H70: Main Equipment | I70: PV | J70: Level | K70: CM Bed Height | L70: mm | M70: Fe2O3 | N70: Raw Mill-1 | O70: Fe2O3 | P70: N-PLCW1-RM1-Q-QC-Fe2O3 | Q70: 0 | R70: 100 | S70: TBD | T70: TBD | U70: 60 | V70: opc.tcp://10.5.9.43:26080 | W70: ns=2;s=1:CM_561HT1_S01AI01?Value | X70: 4934cca8-ee8e-4d3c-a34b-41a96c45a6ff | Y70: 994b5cbf-facc-477c-b8a6-dbb0783fb3cf | Z70: TRUE | AB70: 60000
A71: CEMENT | B71: N | C71: PLCW | D71: 1 | E71: PC01 | F71: Cement Mill | G71: Mill | H71: Main Equipment | I71: PV | J71: Level | K71: Silo-1 OPC-43 level | L71: meter | M71: Fe2O3_10 | N71: Raw Mill-1 | O71: Fe2O3_10 | P71: N-PLCW1-RM1-Q-QC-Fe2O3_10 | Q71: 0 | R71: 29 | S71: TBD | T71: TBD | U71: 60 | V71: opc.tcp://10.5.9.43:26080 | W71: ns=2;s=1:CM_591SBLI1_LT?Value | X71: 700ac305-ae97-4424-b31b-9ccd8b81c9b8 | Y71: 994b5cbf-facc-477c-b8a6-dbb0783fb3cf | Z71: TRUE | AB71: 60000
A72: CEMENT | B72: N | C72: PLCW | D72: 1 | E72: PC01 | F72: Cement Mill | G72: Mill | H72: Main Equipment | I72: PV | J72: Level | K72: Silo-1 PPC level | L72: meter | M72: Fe2O3_60 | N72: Raw Mill-1 | O72: Fe2O3_60 | P72: N-PLCW1-RM1-Q-QC-Fe2O3_60 | Q72: 0 | R72: 29 | S72: TBD | T72: TBD | U72: 60 | V72: opc.tcp://10.5.9.43:26080 | W72: ns=2;s=1:CM_591SBLI2_LT?Value | X72: af85648b-995b-4f8d-8de8-221499551257 | Y72: 994b5cbf-facc-477c-b8a6-dbb0783fb3cf | Z72: TRUE | AB72: 60000
A73: CEMENT | B73: N | C73: PLCW | D73: 1 | E73: PC01 | F73: Cement Mill | G73: Mill | H73: Main Equipment | I73: PV | J73: Level | K73: Silo-1 PPC level | L73: meter | M73: Fe2O3_P | N73: Raw Mill-1 | O73: Fe2O3_P | P73: N-PLCW1-RM1-Q-QC-Fe2O3_P | Q73: 0 | R73: 29 | S73: TBD | T73: TBD | U73: 60 | V73: opc.tcp://10.5.9.43:26080 | W73: ns=2;s=1:CM_591SBLI3_LT?Value | X73: bfa563bc-497c-42f0-9b60-65b7c55ee04c | Y73: 994b5cbf-facc-477c-b8a6-dbb0783fb3cf | Z73: TRUE | AB73: 60000
A74: CEMENT | B74: N | C74: PLCW | D74: 1 | E74: PC01 | F74: Cement Mill | G74: Mill | H74: Main Equipment | I74: PV | J74: Level | K74: Silo-1 OPC-53 level | L74: meter | M74: K2O | N74: Raw Mill-1 | O74: K2O | P74: N-PLCW1-RM1-Q-QC-K2O | Q74: 0 | R74: 29 | S74: TBD | T74: TBD | U74: 60 | V74: opc.tcp://10.5.9.43:26080 | W74: ns=2;s=1:CM_591SBLI4_LT?Value | X74: ae005971-9a0f-4411-8925-8b54f3ddb539 | Y74: 994b5cbf-facc-477c-b8a6-dbb0783fb3cf | Z74: TRUE | AB74: 60000
A75: CEMENT | B75: N | C75: PLCW | D75: 1 | E75: PC01 | F75: Cement Mill | G75: Mill | H75: Main Equipment | I75: PV | J75: Level | K75: Silo-1 PPC level | L75: meter | M75: K2O_10 | N75: Raw Mill-1 | O75: K2O_10 | P75: N-PLCW1-RM1-Q-QC-K2O_10 | Q75: 0 | R75: 29 | S75: TBD | T75: TBD | U75: 60 | V75: opc.tcp://10.5.9.43:26080 | W75: ns=2;s=1:CM_591SBLI5_LT?Value | X75: 25de3fbe-b9cc-4aea-8979-9233e40594a3 | Y75: 994b5cbf-facc-477c-b8a6-dbb0783fb3cf | Z75: TRUE | AB75: 60000
A76: CEMENT | B76: N | C76: PLCW | D76: 1 | E76: PC01 | F76: Cement Mill | G76: Mill | H76: Main Equipment | I76: PV | J76: Level | K76: Silo-1 OPC-43 level | L76: meter | M76: K2O_60 | N76: Raw Mill-1 | O76: K2O_60 | P76: N-PLCW1-RM1-Q-QC-K2O_60 | Q76: 0 | R76: 29 | S76: TBD | T76: TBD | U76: 60 | V76: opc.tcp://10.5.9.43:26080 | W76: ns=2;s=1:CM_591SBLI6_LT?Value | X76: a81d9e87-ab83-4061-9a34-f814d6e14bd1 | Y76: 994b5cbf-facc-477c-b8a6-dbb0783fb3cf | Z76: TRUE | AB76: 60000
A77: CEMENT | B77: N | C77: PLCW | D77: 1 | E77: PC01 | F77: Cement Mill | G77: Mill | H77: Main Equipment | I77: PV | J77: Pressure | K77: CM Bag House DP | L77: mmWC | M77: K2O_P | N77: Raw Mill-1 | O77: K2O_P | P77: N-PLCW1-RM1-Q-QC-K2O_P | Q77: 0 | R77: 250 | S77: TBD | T77: TBD | U77: 60 | V77: opc.tcp://10.5.9.43:26080 | W77: ns=2;s=1:CM_561BF3_DPT03?Value | X77: 0629db89-eb9f-4b3b-84f0-bb16d917a3e7 | Y77: 994b5cbf-facc-477c-b8a6-dbb0783fb3cf | Z77: TRUE | AB77: 60000
A78: CEMENT | B78: N | C78: PLCW | D78: 1 | E78: PC01 | F78: Cement Mill | G78: Mill | H78: Main Equipment | I78: PV | J78: Pressure | K78: CM Bag House O/L pressure | L78: mbar | M78: MgO | N78: Raw Mill-1 | O78: MgO | P78: N-PLCW1-RM1-Q-QC-MgO | Q78: -100 | R78: 5 | S78: TBD | T78: TBD | U78: 60 | V78: opc.tcp://10.5.9.43:26080 | W78: ns=2;s=1:CM_561BF3_PT02?Value | X78: f3162b43-009b-4364-ae17-e23614954f17 | Y78: 994b5cbf-facc-477c-b8a6-dbb0783fb3cf | Z78: TRUE | AB78: 60000
A79: CEMENT | B79: N | C79: PLCW | D79: 1 | E79: PC01 | F79: Cement Mill | G79: Mill | H79: Main Equipment | I79: PV | J79: Pressure | K79: CM Bag House I/L pressure | L79: mbar | M79: MgO_10 | N79: Raw Mill-1 | O79: MgO_10 | P79: N-PLCW1-RM1-Q-QC-MgO_10 | Q79: -100 | R79: 5 | S79: TBD | T79: TBD | U79: 60 | V79: opc.tcp://10.5.9.43:26080 | W79: ns=2;s=1:CM_561BF3_PT03?Value | X79: 62fe90ff-a79f-499a-84d1-312fddf207c2 | Y79: 994b5cbf-facc-477c-b8a6-dbb0783fb3cf | Z79: TRUE | AB79: 60000
A80: CEMENT | B80: N | C80: PLCW | D80: 1 | E80: PC01 | F80: Cement Mill | G80: Mill | H80: Main Equipment | I80: PV | J80: Pressure | K80: Cement Mill I/L Pressure Silo Side | L80: mbar | M80: MgO_60 | N80: Raw Mill-1 | O80: MgO_60 | P80: N-PLCW1-RM1-Q-QC-MgO_60 | Q80: -40 | R80: 5 | S80: TBD | T80: TBD | U80: 60 | V80: opc.tcp://10.5.9.43:26080 | W80: ns=2;s=1:CM_561CM1_PT1?Value | X80: ac2956a5-0a21-43b3-adb5-4db6caf9ce6d | Y80: 994b5cbf-facc-477c-b8a6-dbb0783fb3cf | Z80: TRUE | AB80: 60000
... A90: CEMENT | B90: N | C90: PLCW | D90: 1 | E90: PC01 | F90: Cement Mill | G90: Mill | H90: Main Equipment | I90: PV | J90: Speed | K90: Cement Mill Classifier speed | L90: RPM | M90: SO3 | N90: Raw Mill-1 | O90: SO3 | P90: N-PLCW1-RM1-Q-QC-SO3 | Q90: 0 | R90: 1485 | S90: TBD | T90: TBD | U90: 60 | V90: opc.tcp://10.5.9.43:26080 | W90: ns=2;s=1:CM_561SR1_SI?Value | X90: 74289d52-3166-42c7-8d69-1f369d7b2456 | Y90: 994b5cbf-facc-477c-b8a6-dbb0783fb3cf | Z90: TRUE | AB90: 60000
A91: CEMENT | B91: N | C91: PLCW | D91: 1 | E91: PC01 | F91: Cement Mill | G91: Others | H91: Other | I91: PV | J91: Position | K91: Bed Height (mm) | L91: mm | M91: SO3_10 | N91: Raw Mill-1 | O91: SO3_10 | P91: N-PLCW1-RM1-Q-QC-SO3_10 | U91: 60 | V91: opc.tcp://10.5.9.43:26080 | W91: ns=2;s=1:CM_561HT1_S01AI01?Value | X91: 462d666b-f3ef-427b-ba48-2edfd10a5580 | Y91: 959c1179-a3c0-4745-b667-5a62419dcb40 | AB91: 60000
A92: CEMENT | B92: N | C92: PLCW | D92: 1 | E92: PC01 | F92: Cement Mill | G92: dummy | H92: dummy | I92: PV | J92: Status | L92: state | M92: SO3_60 | N92: Raw Mill-1 | O92: SO3_60 | P92: N-PLCW1-RM1-Q-QC-SO3_60 | U92: 60 | V92: opc.tcp://10.5.9.43:26080 | W92: ns=2;s=1:CM_561MD1_RECIPIE?Value | X92: ef1584cd-c7e3-4013-9b7f-df6f7a7f3ee9 | Y92: 994b5cbf-facc-477c-b8a6-dbb0783fb3cf | AB92: 60000
A93: CEMENT | B93: N | C93: PLCW | D93: 1 | E93: PC01 | F93: Cement Mill | G93: dummy | H93: dummy | I93: Mode | J93: Status | K93: Cement Mill Main Drive | L93: state | M93: SO3_P | N93: Raw Mill-1 | O93: SO3_P | P93: N-PLCW1-RM1-Q-QC-SO3_P | U93: 60 | V93: opc.tcp://10.5.9.43:26080 | W93: ns=2;s=1:CM_561MD1?Operating | X93: d82831e3-3921-4e05-ba1e-02036db57ca6 | Y93: 994b5cbf-facc-477c-b8a6-dbb0783fb3cf | AB93: 60000
A94: CEMENT | B94: N | C94: PLCW | D94: 1 | E94: PC01 | F94: Cement Mill | G94: dummy | H94: dummy | I94: PV | J94: Status | K94: Silo-01 Comp-01 Selection | L94: state | M94: SiO2 | N94: Raw Mill-1 | O94: SiO2 | P94: N-PLCW1-RM1-Q-QC-SiO2 | U94: 60 | V94: opc.tcp://10.5.9.43:26080 | W94: ns=2;s=1:CM_591SB1_S01?Value | X94: a6944809-a01d-44c7-8e62-68da345ab57f | Y94: 994b5cbf-facc-477c-b8a6-dbb0783fb3cf | AB94: 60000
A95: CEMENT | B95: N | C95: PLCW | D95: 1 | E95: PC01 | F95: Cement Mill | G95: dummy | H95: dummy | I95: PV | J95: Status | K95: Silo-01 Comp-02 Selection | L95: state | M95: SiO2_10 | N95: Raw Mill-1 | O95: SiO2_10 | P95: N-PLCW1-RM1-Q-QC-SiO2_10 | U95: 60 | V95: opc.tcp://10.5.9.43:26080 | W95: ns=2;s=1:CM_591SB1_S02?Value | X95: 6eb6df47-9cf6-4b64-8bae-11228e981691 | Y95: 994b5cbf-facc-477c-b8a6-dbb0783fb3cf | AB95: 60000
A96: CEMENT | B96: N | C96: PLCW | D96: 1 | E96: PC01 | F96: Cement Mill | G96: dummy | H96: dummy | I96: PV | J96: Status | K96: Silo-01 Comp-03 Selection | L96: state | M96: SiO2_60 | N96: Raw Mill-1 | O96: SiO2_60 | P96: N-PLCW1-RM1-Q-QC-SiO2_60 | U96: 60 | V96: opc.tcp://10.5.9.43:26080 | W96: ns=2;s=1:CM_591SB1_S03?Value | X96: 8a6c41e9-591b-4772-a4af-f30225aa9fa6 | Y96: 994b5cbf-facc-477c-b8a6-dbb0783fb3cf | AB96: 60000
A97: CEMENT | B97: N | C97: PLCW | D97: 1 | E97: PC01 | F97: Cement Mill | G97: dummy | H97: dummy | I97: PV | J97: Status | K97: Steel Silo Selection | L97: state | M97: SiO2_P | N97: Raw Mill-1 | O97: SiO2_P | P97: N-PLCW1-RM1-Q-QC-SiO2_P | U97: 60 | V97: opc.tcp://10.5.9.43:26080 | W97: ns=2;s=1:CM_591SGA_S01?Value | X97: 6d87e53a-0766-4516-9085-f3c96fea18dd | Y97: 994b5cbf-facc-477c-b8a6-dbb0783fb3cf | AB97: 60000
A98: CEMENT | B98: N | C98: PLCW | D98: 1 | E98: PC01 | F98: Cement Mill | G98: Mill | H98: Main Equipment | I98: PV | J98: Temperature | K98: CM Bag House I/L Temp | L98: deg C | M98: TiO2 | N98: Raw Mill-1 | O98: TiO2 | P98: N-PLCW1-RM1-Q-QC-TiO2 | Q98: 0 | R98: 300 | S98: TBD | T98: TBD | U98: 60 | V98: opc.tcp://10.5.9.43:26080 | W98: ns=2;s=1:CM_561BF3_TT1?Value | X98: c0ce7947-befc-4682-a27e-f10e578a33ae | Y98: 994b5cbf-facc-477c-b8a6-dbb0783fb3cf | Z98: TRUE | AB98: 60000
A99: CEMENT | B99: N | C99: PLCW | D99: 1 | E99: PC01 | F99: Cement Mill | G99: Mill | H99: Main Equipment | I99: PV | J99: Temperature | K99: CM Bag House O/L Temp | L99: deg C | M99: TiO2_10 | N99: Raw Mill-1 | O99: TiO2_10 | P99: N-PLCW1-RM1-Q-QC-TiO2_10 | Q99: 0 | R99: 300 | S99: TBD | T99: TBD | U99: 60 | V99: opc.tcp://10.5.9.43:26080 | W99: ns=2;s=1:CM_561BF3_TT2?Value | X99: 3fed5711-8693-49d0-b098-dc2b33879dde | Y99: 994b5cbf-facc-477c-b8a6-dbb0783fb3cf | Z99: TRUE | AB99: 60000
A100: CEMENT | B100: N | C100: PLCW | D100: 1 | E100: PC01 | F100: Cement Mill | G100: Mill | H100: Main Equipment | I100: PV | J100: Temperature | K100: Cement Mill I/L temp Silo Side | L100: deg C | M100: TiO2_60 | N100: Raw Mill-1 | O100: TiO2_60 | P100: N-PLCW1-RM1-Q-QC-TiO2_60 | Q100: 0 | R100: 250 | S100: TBD | T100: TBD | U100: 60 | V100: opc.tcp://10.5.9.43:26080 | W100: ns=2;s=1:CM_561CM1_TT1?Value | X100: f9fba845-48b1-4002-9a99-bec3fab15b9f | Y100: 994b5cbf-facc-477c-b8a6-dbb0783fb3cf | Z100: TRUE | AB100: 60000
A101: CEMENT | B101: N | C101: PLCW | D101: 1 | E101: PC01 | F101: Cement Mill | G101: Mill | H101: Main Equipment | I101: PV | J101: Temperature | K101: Cement Mill O/L temp | L101: deg C | M101: TiO2_P | N101: Raw Mill-1 | O101: TiO2_P | P101: N-PLCW1-RM1-Q-QC-TiO2_P | Q101: 0 | R101: 200 | S101: TBD | T101: TBD | U101: 60 | V101: opc.tcp://10.5.9.43:26080 | W101: ns=2;s=1:CM_561CM1_TT2?Value | X101: c3c38146-9b40-4460-b659-746667862475 | Y101: 994b5cbf-facc-477c-b8a6-dbb0783fb3cf | Z101: TRUE | AB101: 60000
A102: CEMENT | B102: N | C102: PLCW | D102: 1 | E102: PC01 | F102: Cement Mill | G102: Mill | H102: Main Equipment | I102: PV | J102: Vibration | K102: Cement mill GB Base Plate Vibration | L102: mm/sec | M102: AM | N102: Raw Mill-1 | O102: AM | P102: N-PLCW1-RM1-RA-QC-AM | Q102: 0 | R102: 10 | S102: TBD | T102: TBD | U102: 60 | V102: opc.tcp://10.5.9.43:26080 | W102: ns=2;s=1:CM_561CM1_XT01?Value | X102: d3ae7875-0768-44fd-b924-92d9b91f377c | Y102: 994b5cbf-facc-477c-b8a6-dbb0783fb3cf | Z102: TRUE | AB102: 60000
A103: CEMENT | B103: N | C103: PLCW | D103: 1 | E103: PC01 | F103: Cement Mill | G103: Mill | H103: Main Equipment | I103: PV | J103: Vibration | K103: Mill GB Body Vibration | L103: mm/sec | M103: AM_10 | N103: Raw Mill-1 | O103: AM_10 | P103: N-PLCW1-RM1-RA-QC-AM_10 | Q103: 0 | R103: 25 | S103: TBD | T103: TBD | U103: 60 | V103: opc.tcp://10.5.9.43:26080 | W103: ns=2;s=1:CM_561CM1_XT03?Value | X103: 96b29c04-5e8f-4f18-b789-b34ffc57ff7d | Y103: 994b5cbf-facc-477c-b8a6-dbb0783fb3cf | Z103: TRUE | AB103: 60000
A104: CEMENT | B104: N | C104: PLCW | D104: 1 | E104: PC01 | F104: Cement Mill | G104: Mill | H104: Main Equipment | I104: PV | J104: Vibration | K104: Cement mill Base Vibration CTC | L104: mm/sec | M104: AM_60 | N104: Raw Mill-1 | O104: AM_60 | P104: N-PLCW1-RM1-RA-QC-AM_60 | Q104: 0 | R104: 25 | S104: TBD | T104: TBD | U104: 60 | V104: opc.tcp://10.5.9.43:26080 | W104: ns=2;s=1:CM_561CM1_XT04?Value | X104: 85a28c8c-0fb0-4cc9-ba71-31e8280c6595 | Y104: 994b5cbf-facc-477c-b8a6-dbb0783fb3cf | Z104: TRUE | AB104: 60000
A105: CEMENT | B105: N | C105: PLCW | D105: 1 | E105: PC01 | F105: Kiln | G105: Kiln | H105: Main Equipment | I105: SP | J105: Flow | K105: PC Firing tph Set Point | L105: TPH | M105: AM_P | N105: Raw Mill-1 | O105: AM_P | P105: N-PLCW1-RM1-RA-QC-AM_P | Q105: 0 | R105: 38 | S105: TBD | T105: TBD | U105: 60 | V105: opc.tcp://10.5.9.43:26080 | W105: ns=2;s=1:KL_451DQ1_SPSPM?Value | X105: 53375362-c277-4a1e-a8a9-0b0b97d172d4 | Y105: 994b5cbf-facc-477c-b8a6-dbb0783fb3cf | Z105: TRUE | AB105: 60000
A106: CEMENT | B106: N | C106: PLCW | D106: 1 | E106: PC01 | F106: Kiln | G106: Kiln | H106: Main Equipment | I106: SP | J106: Flow | K106: Std By PC Firing tph Set Point | L106: TPH | M106: LSF | N106: Raw Mill-1 | O106: LSF | P106: N-PLCW1-RM1-RA-QC-LSF | Q106: 0 | R106: 38 | S106: TBD | T106: TBD | U106: 60 | V106: opc.tcp://10.5.9.43:26080 | W106: ns=2;s=1:KL_451DQ2_SPSPM?Value | X106: 3c6a643b-c95e-4afb-b77c-142c7692e622 | Y106: 994b5cbf-facc-477c-b8a6-dbb0783fb3cf | Z106: TRUE | AB106: 60000
A107: CEMENT | B107: N | C107: PLCW | D107: 1 | E107: PC01 | F107: Kiln | G107: Kiln | H107: Main Equipment | I107: PV | J107: Flow | K107: Kiln Coriolis Feed rate | L107: TPH | M107: LSF_10 | N107: Raw Mill-1 | O107: LSF_10 | P107: N-PLCW1-RM1-RA-QC-LSF_10 | Q107: 0 | R107: 23 | S107: TBD | T107: TBD | U107: 60 | V107: opc.tcp://10.5.9.43:26080 | W107: ns=2;s=1:KL_481DQ1_FR?Value | X107: 932aad4d-1586-4668-bb97-08f37ae9d6df | Y107: 994b5cbf-facc-477c-b8a6-dbb0783fb3cf | Z107: TRUE | AB107: 60000
A108: CEMENT | B108: N | C108: PLCW | D108: 1 | E108: PC01 | F108: Kiln | G108: Kiln | H108: Main Equipment | I108: PV | J108: Flow | K108: Kiln feed Rotoscale Feed Rate | L108: TPH | M108: LSF_60 | N108: Raw Mill-1 | O108: LSF_60 | P108: N-PLCW1-RM1-RA-QC-LSF_60 | Q108: 0 | R108: 700 | S108: TBD | T108: TBD | U108: 60 | V108: opc.tcp://10.5.9.43:26080 | W108: ns=2;s=1:PH_431DQ1_FR?Value | X108: d30e8c2c-386c-4084-af71-4cdaea16bc57 | Y108: 994b5cbf-facc-477c-b8a6-dbb0783fb3cf | Z108: TRUE | AB108: 60000
A109: CEMENT | B109: N | C109: PLCW | D109: 1 | E109: PC01 | F109: Kiln | G109: Kiln | H109: Main Equipment | I109: PV | J109: Flow | K109: Kiln feed SFF Feed Rate | L109: TPH | M109: LSF_P | N109: Raw Mill-1 | O109: LSF_P | P109: N-PLCW1-RM1-RA-QC-LSF_P | Q109: 0 | R109: 700 | S109: TBD | T109: TBD | U109: 60 | V109: opc.tcp://10.5.9.43:26080 | W109: ns=2;s=1:PH_431FM1_FR?Value | X109: 92b38927-2d50-4a03-8f5a-77506964fb5c | Y109: 994b5cbf-facc-477c-b8a6-dbb0783fb3cf | Z109: TRUE | AB109: 60000
... A161: CEMENT | B161: N | C161: PLCW | D161: 1 | E161: PC01 | F161: Kiln | G161: Kiln | H161: Main Equipment | I161: PV | J161: Speed | K161: Pre Heater Fan MV VFD Speed | L161: RPM | M161: CM_591BE1_M01II_B | N161: Cement Mill | O161: CM_591BE1_M01II_B | P161: N-PLCW1-CM1-I-PV-CM_591BE1_M01II_B | Q161: 0 | R161: 1000 | S161: TBD | T161: TBD | U161: 60 | V161: opc.tcp://10.5.9.43:26080 | W161: ns=2;s=1:PH_441FN1_SI?Value | X161: 8ddc2cb3-34b7-4847-81dd-de50db16c2e1 | Y161: 994b5cbf-facc-477c-b8a6-dbb0783fb3cf | Z161: TRUE | AB161: 60000
A162: CEMENT | B162: N | C162: PLCW | D162: 1 | E162: PC01 | F162: Kiln | G162: dummy | H162: dummy | I162: Mode | J162: Status | K162: Kiln Main Drive | L162: state | M162: CMSS_HT_MFM9_TOT_ACT_PWR | N162: Cement Mill | O162: CMSS_HT_MFM9_TOT_ACT_PWR | P162: N-PLCW1-CM1-J-PV-CMSS_HT_MFM9_TOT_ACT_PWR | U162: 60 | V162: opc.tcp://10.5.9.43:26080 | W162: ns=2;s=1:KL_461MD1?Operating | X162: 66ddc1fa-02cc-483f-8966-0e17cb7d14cc | Y162: 994b5cbf-facc-477c-b8a6-dbb0783fb3cf | AB162: 60000
A163: CEMENT | B163: N | C163: PLCW | D163: 1 | E163: PC01 | F163: Kiln | G163: Kiln | H163: Main Equipment | I163: SP | J163: Temperature | K163: PC Firing Tem Set Point | L163: deg C | M163: CM_561FN3_JI | N163: Cement Mill | O163: CM_561FN3_JI | P163: N-PLCW1-CM1-J-PV-CM_561FN3_JI | Q163: 0 | R163: 1200 | S163: TBD | T163: TBD | U163: 60 | V163: opc.tcp://10.5.9.43:26080 | W163: ns=2;s=1:KL_451DQ1_SPSPA?Value | X163: 0da19f59-a6f4-493d-83ca-5a1ff20c26e5 | Y163: 994b5cbf-facc-477c-b8a6-dbb0783fb3cf | Z163: TRUE | AB163: 60000
A164: CEMENT | B164: N | C164: PLCW | D164: 1 | E164: PC01 | F164: Kiln | G164: Kiln | H164: Main Equipment | I164: SP | J164: Temperature | K164: Std By PC Firing Tem Set Point | L164: deg C | M164: CM_561MD1_JI | N164: Cement Mill | O164: CM_561MD1_JI | P164: N-PLCW1-CM1-J-PV-CM_561MD1_JI | Q164: 0 | R164: 1200 | S164: TBD | T164: TBD | U164: 60 | V164: opc.tcp://10.5.9.43:26080 | W164: ns=2;s=1:KL_451DQ2_SPSPA?Value | X164: c3c7d256-d27a-4432-9d4b-5069a2bb7b87 | Y164: 994b5cbf-facc-477c-b8a6-dbb0783fb3cf | Z164: TRUE | AB164: 60000
A165: CEMENT | B165: N | C165: PLCW | D165: 1 | E165: PC01 | F165: Kiln | G165: Kiln | H165: Main Equipment | I165: PV | J165: Temperature | K165: TAD I/L temp | L165: deg C | M165: CM_561HT1_S01AI01 | N165: Cement Mill | O165: CM_561HT1_S01AI01 | P165: N-PLCW1-CM1-L-PV-CM_561HT1_S01AI01 | Q165: 0 | R165: 1200 | S165: TBD | T165: TBD | U165: 60 | V165: opc.tcp://10.5.9.43:26080 | W165: ns=2;s=1:KL_461DU1_TT1?Value | X165: c0d1dcc6-8e9b-4750-b2f6-6a9d499f731e | Y165: 994b5cbf-facc-477c-b8a6-dbb0783fb3cf | Z165: TRUE | AB165: 60000
A166: CEMENT | B166: N | C166: PLCW | D166: 1 | E166: PC01 | F166: Kiln | G166: Kiln | H166: Main Equipment | I166: PV | J166: Temperature | K166: TAD I/L temp 2.5 Floor | L166: deg C | M166: CM_591SBLI1_LT | N166: Cement Mill | O166: CM_591SBLI1_LT | P166: N-PLCW1-CM1-L-PV-CM_591SBLI1_LT | Q166: 0 | R166: 1200 | S166: TBD | T166: TBD | U166: 60 | V166: opc.tcp://10.5.9.43:26080 | W166: ns=2;s=1:KL_461DU1_TT2?Value | X166: c7318f49-856a-4526-819b-9d85fbee3d61 | Y166: 994b5cbf-facc-477c-b8a6-dbb0783fb3cf | Z166: TRUE | AB166: 60000
A167: CEMENT | B167: N | C167: PLCW | D167: 1 | E167: PC01 | F167: Kiln | G167: Kiln | H167: Main Equipment | I167: PV | J167: Temperature | K167: Kiln Burning Zone Secondary Gas Temp TT3 | L167: deg C | M167: CM_591SBLI2_LT | N167: Cement Mill | O167: CM_591SBLI2_LT | P167: N-PLCW1-CM1-L-PV-CM_591SBLI2_LT | Q167: 0 | R167: 1200 | S167: TBD | T167: TBD | U167: 60 | V167: opc.tcp://10.5.9.43:26080 | W167: ns=2;s=1:KL_461KL1_TT4?Value | X167: d586c8ae-6b33-4bd6-9fbf-14170f83f16f | Y167: 994b5cbf-facc-477c-b8a6-dbb0783fb3cf | Z167: TRUE | AB167: 60000
A168: CEMENT | B168: N | C168: PLCW | D168: 1 | E168: PC01 | F168: Kiln | G168: Kiln | H168: Main Equipment | I168: PV | J168: Temperature | K168: PC Firing Temp. Feedback | L168: deg C | M168: CM_591SBLI3_LT | N168: Cement Mill | O168: CM_591SBLI3_LT | P168: N-PLCW1-CM1-L-PV-CM_591SBLI3_LT | Q168: 0 | R168: 1200 | S168: TBD | T168: TBD | U168: 60 | V168: opc.tcp://10.5.9.43:26080 | W168: ns=2;s=1:KL_PCOL_TEMP?Value | X168: 84e2a2b1-821e-4c3b-9a71-4a67180f14b2 | Y168: 994b5cbf-facc-477c-b8a6-dbb0783fb3cf | Z168: TRUE | AB168: 60000
A169: CEMENT | B169: N | C169: PLCW | D169: 1 | E169: PC01 | F169: Kiln | G169: Kiln | H169: Main Equipment | I169: PV | J169: Temperature | K169: Down Comer Duct Afetr Junction both string Temperature | L169: deg C | M169: CM_591SBLI4_LT | N169: Cement Mill | O169: CM_591SBLI4_LT | P169: N-PLCW1-CM1-L-PV-CM_591SBLI4_LT | Q169: 0 | R169: 1200 | S169: TBD | T169: TBD | U169: 60 | V169: opc.tcp://10.5.9.43:26080 | W169: ns=2;s=1:PH_441DU1_TT?Value | X169: 7dc3784f-0bf4-4010-a79b-51a2eecf3108 | Y169: 994b5cbf-facc-477c-b8a6-dbb0783fb3cf | Z169: TRUE | AB169: 60000
A170: CEMENT | B170: N | C170: PLCW | D170: 1 | E170: PC01 | F170: Kiln | G170: Kiln | H170: Main Equipment | I170: PV | J170: Temperature | K170: PH Fan I/L Temp. | L170: deg C | M170: CM_591SBLI5_LT | N170: Cement Mill | O170: CM_591SBLI5_LT | P170: N-PLCW1-CM1-L-PV-CM_591SBLI5_LT | Q170: 0 | R170: 1200 | S170: TBD | T170: TBD | U170: 60 | V170: opc.tcp://10.5.9.43:26080 | W170: ns=2;s=1:PH_441FN1_TT01?Value | X170: 53858551-3f06-4ac5-868a-56f944647135 | Y170: 994b5cbf-facc-477c-b8a6-dbb0783fb3cf | Z170: TRUE | AB170: 60000
A171: CEMENT | B171: N | C171: PLCW | D171: 1 | E171: PC01 | F171: Kiln | G171: Kiln | H171: Main Equipment | I171: PV | J171: Temperature | K171: PH1 Cyclone 1A Exhaust Gas Temp. | L171: deg C | M171: CM_591SBLI6_LT | N171: Cement Mill | O171: CM_591SBLI6_LT | P171: N-PLCW1-CM1-L-PV-CM_591SBLI6_LT | Q171: 0 | R171: 1200 | S171: TBD | T171: TBD | U171: 60 | V171: opc.tcp://10.5.9.43:26080 | W171: ns=2;s=1:PH_441PH1_CN1A_TT1?Value | X171: 7fe07c64-e8cf-4a14-9b9c-edb7671cbad9 | Y171: 994b5cbf-facc-477c-b8a6-dbb0783fb3cf | Z171: TRUE | AB171: 60000
A172: CEMENT | B172: N | C172: PLCW | D172: 1 | E172: PC01 | F172: Kiln | G172: Kiln | H172: Main Equipment | I172: PV | J172: Temperature | K172: PH1 Cyclone 1A Exhaust Gas Material Temp. | L172: deg C | M172: CM_561BF3_DPT03 | N172: Cement Mill | O172: CM_561BF3_DPT03 | P172: N-PLCW1-CM1-P-PV-CM_561BF3_DPT03 | Q172: 0 | R172: 1200 | S172: TBD | T172: TBD | U172: 60 | V172: opc.tcp://10.5.9.43:26080 | W172: ns=2;s=1:PH_441PH1_CN1A_TT2?Value | X172: b26acac9-a0b9-4c5a-af1b-53102ed0add5 | Y172: 994b5cbf-facc-477c-b8a6-dbb0783fb3cf | Z172: TRUE | AB172: 60000
A173: CEMENT | B173: N | C173: PLCW | D173: 1 | E173: PC01 | F173: Kiln | G173: Kiln | H173: Main Equipment | I173: PV | J173: Temperature | K173: PH1 Cyclone 1B Exhaust Gas Temp. | L173: deg C | M173: CM_561BF3_PT02 | N173: Cement Mill | O173: CM_561BF3_PT02 | P173: N-PLCW1-CM1-P-PV-CM_561BF3_PT02 | Q173: 0 | R173: 1200 | S173: TBD | T173: TBD | U173: 60 | V173: opc.tcp://10.5.9.43:26080 | W173: ns=2;s=1:PH_441PH1_CN1B_TT1?Value | X173: db0d4365-329a-4f74-8b87-5656ded24397 | Y173: 994b5cbf-facc-477c-b8a6-dbb0783fb3cf | Z173: TRUE | AB173: 60000
...

Sheet PLCW-CBA
A1: Tag Name | B1: Section | C1: Tag UID
A2: SiO2 | B2: =VLOOKUP('PLCW-CBA'!A2,PLCW!M:N,2,FALSE) -> Raw Mill-1 | C2: =VLOOKUP(A2,PLCW!O:P,2,FALSE) -> N-PLCW1-RM1-Q-QC-SiO2
A3: SiO2_10 | B3: =VLOOKUP('PLCW-CBA'!A3,PLCW!M:N,2,FALSE) -> Raw Mill-1 | C3: =VLOOKUP(A3,PLCW!O:P,2,FALSE) -> N-PLCW1-RM1-Q-QC-SiO2_10
A4: SiO2_60 | B4: =VLOOKUP('PLCW-CBA'!A4,PLCW!M:N,2,FALSE) -> Raw Mill-1 | C4: =VLOOKUP(A4,PLCW!O:P,2,FALSE) -> N-PLCW1-RM1-Q-QC-SiO2_60
A5: SiO2_P | B5: =VLOOKUP('PLCW-CBA'!A5,PLCW!M:N,2,FALSE) -> Raw Mill-1 | C5: =VLOOKUP(A5,PLCW!O:P,2,FALSE) -> N-PLCW1-RM1-Q-QC-SiO2_P
A6: Al2O3 | B6: =VLOOKUP('PLCW-CBA'!A6,PLCW!M:N,2,FALSE) -> Raw Mill-1 | C6: =VLOOKUP(A6,PLCW!O:P,2,FALSE) -> N-PLCW1-RM1-Q-QC-Al2O3
A7: Al2O3_10 | B7: =VLOOKUP('PLCW-CBA'!A7,PLCW!M:N,2,FALSE) -> Raw Mill-1 | C7: =VLOOKUP(A7,PLCW!O:P,2,FALSE) -> N-PLCW1-RM1-Q-QC-Al2O3_10
A8: Al2O3_60 | B8: =VLOOKUP('PLCW-CBA'!A8,PLCW!M:N,2,FALSE) -> Raw Mill-1 | C8: =VLOOKUP(A8,PLCW!O:P,2,FALSE) -> N-PLCW1-RM1-Q-QC-Al2O3_60
A9: Al2O3_P | B9: =VLOOKUP('PLCW-CBA'!A9,PLCW!M:N,2,FALSE) -> Raw Mill-1 | C9: =VLOOKUP(A9,PLCW!O:P,2,FALSE) -> N-PLCW1-RM1-Q-QC-Al2O3_P
A10: Fe2O3 | B10: =VLOOKUP('PLCW-CBA'!A10,PLCW!M:N,2,FALSE) -> Raw Mill-1 | C10: =VLOOKUP(A10,PLCW!O:P,2,FALSE) -> N-PLCW1-RM1-Q-QC-Fe2O3
A11: Fe2O3_10 | B11: =VLOOKUP('PLCW-CBA'!A11,PLCW!M:N,2,FALSE) -> Raw Mill-1 | C11: =VLOOKUP(A11,PLCW!O:P,2,FALSE) -> N-PLCW1-RM1-Q-QC-Fe2O3_10
A12: Fe2O3_60 | B12: =VLOOKUP('PLCW-CBA'!A12,PLCW!M:N,2,FALSE) -> Raw Mill-1 | C12: =VLOOKUP(A12,PLCW!O:P,2,FALSE) -> N-PLCW1-RM1-Q-QC-Fe2O3_60
A13: Fe2O3_P | B13: =VLOOKUP('PLCW-CBA'!A13,PLCW!M:N,2,FALSE) -> Raw Mill-1 | C13: =VLOOKUP(A13,PLCW!O:P,2,FALSE) -> N-PLCW1-RM1-Q-QC-Fe2O3_P
... A65: TONS_P | B65: =VLOOKUP('PLCW-CBA'!A65,PLCW!M:N,2,FALSE) -> Raw Mill-1 | C65: =VLOOKUP(A65,PLCW!O:P,2,FALSE) -> N-PLCW1-RM1-WE-QC-TONS_P

Sheet PLCW-CementMill
A1: Tag Name | B1: Section | C1: Tag UID
A2: CM_531WI1AI01 | B2: =VLOOKUP(A2,PLCW!M:N,2,FALSE) -> Cement Mill | C2: =VLOOKUP(A2,PLCW!O:P,2,FALSE) -> N-PLCW1-CM1-F-FSP-CM_531WI1AI01
A3: CM_531WI1AI02 | B3: =VLOOKUP(A3,PLCW!M:N,2,FALSE) -> Cement Mill | C3: =VLOOKUP(A3,PLCW!O:P,2,FALSE) -> N-PLCW1-CM1-F-FSP-CM_531WI1AI02
A4: CM_531WI1AI03 | B4: =VLOOKUP(A4,PLCW!M:N,2,FALSE) -> Cement Mill | C4: =VLOOKUP(A4,PLCW!O:P,2,FALSE) -> N-PLCW1-CM1-F-FSP-CM_531WI1AI03
A5: CM_531WI1AI04 | B5: =VLOOKUP(A5,PLCW!M:N,2,FALSE) -> Cement Mill | C5: =VLOOKUP(A5,PLCW!O:P,2,FALSE) -> N-PLCW1-CM1-F-FSP-CM_531WI1AI04
A6: CM_531WI1AI05 | B6: =VLOOKUP(A6,PLCW!M:N,2,FALSE) -> Cement Mill | C6: =VLOOKUP(A6,PLCW!O:P,2,FALSE) -> N-PLCW1-CM1-F-FSP-CM_531WI1AI05
A7: CM_531WF1_FR | B7: =VLOOKUP(A7,PLCW!M:N,2,FALSE) -> Cement Mill | C7: =VLOOKUP(A7,PLCW!O:P,2,FALSE) -> N-PLCW1-CM1-F-PV-CM_531WF1_FR
A8: CM_531WF2_FR | B8: =VLOOKUP(A8,PLCW!M:N,2,FALSE) -> Cement Mill | C8: =VLOOKUP(A8,PLCW!O:P,2,FALSE) -> N-PLCW1-CM1-F-PV-CM_531WF2_FR
A9: CM_531WF3_FR | B9: =VLOOKUP(A9,PLCW!M:N,2,FALSE) -> Cement Mill | C9: =VLOOKUP(A9,PLCW!O:P,2,FALSE) -> N-PLCW1-CM1-F-PV-CM_531WF3_FR
A10: CM_531WF4_FR | B10: =VLOOKUP(A10,PLCW!M:N,2,FALSE) -> Cement Mill | C10: =VLOOKUP(A10,PLCW!O:P,2,FALSE) -> N-PLCW1-CM1-F-PV-CM_531WF4_FR
A11: CM_K31FM1_FI | B11: =VLOOKUP(A11,PLCW!M:N,2,FALSE) -> Cement Mill | C11: =VLOOKUP(A11,PLCW!O:P,2,FALSE) -> N-PLCW1-CM1-F-PV-CM_K31FM1_FI
A12: CM_561BE1_M01II_B | B12: =VLOOKUP(A12,PLCW!M:N,2,FALSE) -> Cement Mill | C12: =VLOOKUP(A12,PLCW!O:P,2,FALSE) -> N-PLCW1-CM1-I-PV-CM_561BE1_M01II_B
A13: Reject Bin | B13: =VLOOKUP(A13,PLCW!M:N,2,FALSE) -> #N/A | C13: =VLOOKUP(A13,PLCW!O:P,2,FALSE) -> #N/A
... A63: 561SK1 | B63: =VLOOKUP(A63,PLCW!M:N,2,FALSE) -> #N/A | C63: =VLOOKUP(A63,PLCW!O:P,2,FALSE) -> #N/A

Sheet PLCW-Cooler
A1: Tag Name | B1: Section | C1: Tag UID
A2: 471CV5 | B2: =VLOOKUP(A2,PLCW!M:N,2,FALSE) -> #N/A | C2: =VLOOKUP(A2,PLCW!O:P,2,FALSE) -> #N/A
A3: CL_472CV4_RUN | B3: =VLOOKUP(A3,PLCW!M:N,2,FALSE) -> #N/A | C3: =VLOOKUP(A3,PLCW!O:P,2,FALSE) -> #N/A
A4: 471CV6 | B4: =VLOOKUP(A4,PLCW!M:N,2,FALSE) -> #N/A | C4: =VLOOKUP(A4,PLCW!O:P,2,FALSE) -> #N/A
A5: CL_472CV5_RUN | B5: =VLOOKUP(A5,PLCW!M:N,2,FALSE) -> #N/A | C5: =VLOOKUP(A5,PLCW!O:P,2,FALSE) -> #N/A
A6: CL_472CV1_RUN | B6: =VLOOKUP(A6,PLCW!M:N,2,FALSE) -> #N/A | C6: =VLOOKUP(A6,PLCW!O:P,2,FALSE) -> #N/A
A7: CL_472CV2_RUN | B7: =VLOOKUP(A7,PLCW!M:N,2,FALSE) -> #N/A | C7: =VLOOKUP(A7,PLCW!O:P,2,FALSE) -> #N/A
A8: 471CV1 | B8: =VLOOKUP(A8,PLCW!M:N,2,FALSE) -> #N/A | C8: =VLOOKUP(A8,PLCW!O:P,2,FALSE) -> #N/A
A9: CL_472CV3_RUN | B9: =VLOOKUP(A9,PLCW!M:N,2,FALSE) -> #N/A | C9: =VLOOKUP(A9,PLCW!O:P,2,FALSE) -> #N/A
A10: CL_492DB1_RUN | B10: =VLOOKUP(A10,PLCW!M:N,2,FALSE) -> #N/A | C10: =VLOOKUP(A10,PLCW!O:P,2,FALSE) -> #N/A
A11: 491DB1 | B11: =VLOOKUP(A11,PLCW!M:N,2,FALSE) -> #N/A | C11: =VLOOKUP(A11,PLCW!O:P,2,FALSE) -> #N/A
A12: CL_492DB2_RUN | B12: =VLOOKUP(A12,PLCW!M:N,2,FALSE) -> #N/A | C12: =VLOOKUP(A12,PLCW!O:P,2,FALSE) -> #N/A
A13: 491DB2 | B13: =VLOOKUP(A13,PLCW!M:N,2,FALSE) -> #N/A | C13: =VLOOKUP(A13,PLCW!O:P,2,FALSE) -> #N/A
... A170: RA9 | B170: =VLOOKUP(A170,PLCW!M:N,2,FALSE) -> #N/A | C170: =VLOOKUP(A170,PLCW!O:P,2,FALSE) -> #N/A

Sheet PLCW-Kiln
A1: Tag Name | B1: Section | C1: Tag UID
A2: IA | B2: =VLOOKUP(A2,PLCW!M:N,2,FALSE) -> #N/A | C2: =VLOOKUP(A2,PLCW!O:P,2,FALSE) -> #N/A
A3: PH_441PH1_CN1A_PT1 | B3: =VLOOKUP(A3,PLCW!M:N,2,FALSE) -> Kiln | C3: =VLOOKUP(A3,PLCW!O:P,2,FALSE) -> N-PLCW1-KL1-P-PV-PH_441PH1_CN1A_PT1
A4: PH_441PH1_CN1A_TT1 | B4: =VLOOKUP(A4,PLCW!M:N,2,FALSE) -> Kiln | C4: =VLOOKUP(A4,PLCW!O:P,2,FALSE) -> N-PLCW1-KL1-T-PV-PH_441PH1_CN1A_TT1
A5: PH_441PH1_CN1A_PT2 | B5: =VLOOKUP(A5,PLCW!M:N,2,FALSE) -> Kiln | C5: =VLOOKUP(A5,PLCW!O:P,2,FALSE) -> N-PLCW1-KL1-P-PV-PH_441PH1_CN1A_PT2
A6: PH_441PH1_CN1A_TT2 | B6: =VLOOKUP(A6,PLCW!M:N,2,FALSE) -> Kiln | C6: =VLOOKUP(A6,PLCW!O:P,2,FALSE) -> N-PLCW1-KL1-T-PV-PH_441PH1_CN1A_TT2
A7: IB | B7: =VLOOKUP(A7,PLCW!M:N,2,FALSE) -> #N/A | C7: =VLOOKUP(A7,PLCW!O:P,2,FALSE) -> #N/A
A8: PH_441PH1_CN1B_PT1 | B8: =VLOOKUP(A8,PLCW!M:N,2,FALSE) -> Kiln | C8: =VLOOKUP(A8,PLCW!O:P,2,FALSE) -> N-PLCW1-KL1-P-PV-PH_441PH1_CN1B_PT1
A9: PH_441PH1_CN1B_TT1 | B9: =VLOOKUP(A9,PLCW!M:N,2,FALSE) -> Kiln | C9: =VLOOKUP(A9,PLCW!O:P,2,FALSE) -> N-PLCW1-KL1-T-PV-PH_441PH1_CN1B_TT1
A10: PH_441PH1_CN1B_PT2 | B10: =VLOOKUP(A10,PLCW!M:N,2,FALSE) -> Kiln | C10: =VLOOKUP(A10,PLCW!O:P,2,FALSE) -> N-PLCW1-KL1-P-PV-PH_441PH1_CN1B_PT2
A11: PH_441PH1_CN1B_TT2 | B11: =VLOOKUP(A11,PLCW!M:N,2,FALSE) -> Kiln | C11: =VLOOKUP(A11,PLCW!O:P,2,FALSE) -> N-PLCW1-KL1-T-PV-PH_441PH1_CN1B_TT2
A12: PH_441PH2_CN1A_PT1 | B12: =VLOOKUP(A12,PLCW!M:N,2,FALSE) -> Kiln | C12: =VLOOKUP(A12,PLCW!O:P,2,FALSE) -> N-PLCW1-KL1-P-PV-PH_441PH2_CN1A_PT1
A13: PH_441PH2_CN1A_TT1 | B13: =VLOOKUP(A13,PLCW!M:N,2,FALSE) -> Kiln | C13: =VLOOKUP(A13,PLCW!O:P,2,FALSE) -> N-PLCW1-KL1-T-PV-PH_441PH2_CN1A_TT1
... A148: 481BL3 | B148: =VLOOKUP(A148,PLCW!M:N,2,FALSE) -> #N/A | C148: =VLOOKUP(A148,PLCW!O:P,2,FALSE) -> #N/A

Sheet PLCW-RawMill
A1: Tag name | B1: Section | C1: Tag UID
A2: RM1_331WF1_FBAI01 | B2: =VLOOKUP(A2,PLCW!M:N,2,FALSE) -> Raw Mill | C2: =VLOOKUP(A2,PLCW!O:P,2,FALSE) -> N-PLCW1-RM1-F-FSP-RM1_331WF1_FBAI01
A3: RM1_331WF2_FBAI02 | B3: =VLOOKUP(A3,PLCW!M:N,2,FALSE) -> Raw Mill | C3: =VLOOKUP(A3,PLCW!O:P,2,FALSE) -> N-PLCW1-RM1-F-FSP-RM1_331WF2_FBAI02
A4: RM1_331WF3_FBAI03 | B4: =VLOOKUP(A4,PLCW!M:N,2,FALSE) -> Raw Mill | C4: =VLOOKUP(A4,PLCW!O:P,2,FALSE) -> N-PLCW1-RM1-F-FSP-RM1_331WF3_FBAI03
A5: RM1_331WF4_FBAI04 | B5: =VLOOKUP(A5,PLCW!M:N,2,FALSE) -> Raw Mill | C5: =VLOOKUP(A5,PLCW!O:P,2,FALSE) -> N-PLCW1-RM1-F-FSP-RM1_331WF4_FBAI04
A6: RM1_331WF5_FBAI05 | B6: =VLOOKUP(A6,PLCW!M:N,2,FALSE) -> Raw Mill | C6: =VLOOKUP(A6,PLCW!O:P,2,FALSE) -> N-PLCW1-RM1-F-FSP-RM1_331WF5_FBAI05
A7: RM1_331WF1_FR | B7: =VLOOKUP(A7,PLCW!M:N,2,FALSE) -> Raw Mill | C7: =VLOOKUP(A7,PLCW!O:P,2,FALSE) -> N-PLCW1-RM1-F-PV-RM1_331WF1_FR
A8: RM1_331WF2_FR | B8: =VLOOKUP(A8,PLCW!M:N,2,FALSE) -> Raw Mill | C8: =VLOOKUP(A8,PLCW!O:P,2,FALSE) -> N-PLCW1-RM1-F-PV-RM1_331WF2_FR
A9: RM1_331WF3_FR | B9: =VLOOKUP(A9,PLCW!M:N,2,FALSE) -> Raw Mill | C9: =VLOOKUP(A9,PLCW!O:P,2,FALSE) -> N-PLCW1-RM1-F-PV-RM1_331WF3_FR
A10: RM1_331WF4_FR | B10: =VLOOKUP(A10,PLCW!M:N,2,FALSE) -> Raw Mill | C10: =VLOOKUP(A10,PLCW!O:P,2,FALSE) -> N-PLCW1-RM1-F-PV-RM1_331WF4_FR
A11: RM1_331WF5_FR | B11: =VLOOKUP(A11,PLCW!M:N,2,FALSE) -> Raw Mill | C11: =VLOOKUP(A11,PLCW!O:P,2,FALSE) -> N-PLCW1-RM1-F-PV-RM1_331WF5_FR
A12: RM1_361BE1_M01II_B | B12: =VLOOKUP(A12,PLCW!M:N,2,FALSE) -> Raw Mill | C12: =VLOOKUP(A12,PLCW!O:P,2,FALSE) -> N-PLCW1-RM1-I-PV-RM1_361BE1_M01II_B
A13: RM1_331WF_TPH_TOT | B13: =VLOOKUP(A13,PLCW!M:N,2,FALSE) -> Raw Mill | C13: =VLOOKUP(A13,PLCW!O:P,2,FALSE) -> N-PLCW1-RM1-F-PV-RM1_331WF_TPH_TOT
... A37: RM1_361SR1_SPSPM | B37: =VLOOKUP(A37,PLCW!M:N,2,FALSE) -> Raw Mill | C37: =VLOOKUP(A37,PLCW!O:P,2,FALSE) -> N-PLCW1-RM1-R-FSP-RM1_361SR1_SPSPM
A38: 361 | B38: =VLOOKUP(A38,PLCW!M:N,2,FALSE) -> #N/A | C38: =VLOOKUP(A38,PLCW!O:P,2,FALSE) -> #N/A
A39: CN1 | B39: =VLOOKUP(A39,PLCW!M:N,2,FALSE) -> #N/A | C39: =VLOOKUP(A39,PLCW!O:P,2,FALSE) -> #N/A
A40: CN2 | B40: =VLOOKUP(A40,PLCW!M:N,2,FALSE) -> #N/A | C40: =VLOOKUP(A40,PLCW!O:P,2,FALSE) -> #N/A
A41: CN3 | B41: =VLOOKUP(A41,PLCW!M:N,2,FALSE) -> #N/A | C41: =VLOOKUP(A41,PLCW!O:P,2,FALSE) -> #N/A
A42: CN4 | B42: =VLOOKUP(A42,PLCW!M:N,2,FALSE) -> #N/A | C42: =VLOOKUP(A42,PLCW!O:P,2,FALSE) -> #N/A
A43: 391AS1 | B43: =VLOOKUP(A43,PLCW!M:N,2,FALSE) -> #N/A | C43: =VLOOKUP(A43,PLCW!O:P,2,FALSE) -> #N/A
A44: 391AS2 | B44: =VLOOKUP(A44,PLCW!M:N,2,FALSE) -> #N/A | C44: =VLOOKUP(A44,PLCW!O:P,2,FALSE) -> #N/A
A45: 391AS3 | B45: =VLOOKUP(A45,PLCW!M:N,2,FALSE) -> #N/A | C45: =VLOOKUP(A45,PLCW!O:P,2,FALSE) -> #N/A
A46: 391AS4 | B46: =VLOOKUP(A46,PLCW!M:N,2,FALSE) -> #N/A | C46: =VLOOKUP(A46,PLCW!O:P,2,FALSE) -> #N/A
A47: BagHouse | B47: =VLOOKUP(A47,PLCW!M:N,2,FALSE) -> #N/A | C47: =VLOOKUP(A47,PLCW!O:P,2,FALSE) -> #N/A
A48: PH_421BF1_DPT | B48: =VLOOKUP(A48,PLCW!M:N,2,FALSE) -> Raw Mill | C48: =VLOOKUP(A48,PLCW!O:P,2,FALSE) -> N-PLCW1-RM1-P-PV-PH_421BF1_DPT
A49: 391AS5 | B49: =VLOOKUP(A49,PLCW!M:N,2,FALSE) -> #N/A | C49: =VLOOKUP(A49,PLCW!O:P,2,FALSE) -> #N/A
A50: 391RA5 | B50: =VLOOKUP(A50,PLCW!M:N,2,FALSE) -> #N/A | C50: =VLOOKUP(A50,PLCW!O:P,2,FALSE) -> #N/A
... A78: 391RA1-4 | B78: =VLOOKUP(A78,PLCW!M:N,2,FALSE) -> #N/A | C78: =VLOOKUP(A78,PLCW!O:P,2,FALSE) -> #N/A
